STATE,STATENAME,ST_CASE,PEDS,PERNOTMVIT,VE_TOTAL,VE_FORMS,PVH_INVL,PERSONS,PERMVIT,COUNTY,COUNTYNAME,CITY,CITYNAME,MONTH,MONTHNAME,DAY,DAYNAME,DAY_WEEK,DAY_WEEKNAME,YEAR,HOUR,HOURNAME,MINUTE,MINUTENAME,TWAY_ID,TWAY_ID2,ROUTE,ROUTENAME,RUR_URB,RUR_URBNAME,FUNC_SYS,FUNC_SYSNAME,RD_OWNER,RD_OWNERNAME,NHS,NHSNAME,SP_JUR,SP_JURNAME,MILEPT,MILEPTNAME,LATITUDE,LATITUDENAME,LONGITUD,LONGITUDNAME,HARM_EV,HARM_EVNAME,MAN_COLL,MAN_COLLNAME,RELJCT1,RELJCT1NAME,RELJCT2,RELJCT2NAME,TYP_INT,TYP_INTNAME,REL_ROAD,REL_ROADNAME,WRK_ZONE,WRK_ZONENAME,LGT_COND,LGT_CONDNAME,WEATHER,WEATHERNAME,SCH_BUS,SCH_BUSNAME,RAIL,RAILNAME,NOT_HOUR,NOT_HOURNAME,NOT_MIN,NOT_MINNAME,ARR_HOUR,ARR_HOURNAME,ARR_MIN,ARR_MINNAME,HOSP_HR,HOSP_HRNAME,HOSP_MN,HOSP_MNNAME,FATALS
24,Maryland,240112,0,0,1,1,0,1,1,33,PRINCE GEORGE`S (33),0,NOT APPLICABLE,4,April,24,24,1,Sunday,2022,4,4:00am-4:59am,14,14,I-95 RAMP,NA,1,Interstate,2,Urban,1,Interstate,1,State Highway Agency,1,This section IS ON the NHS,0,No Special Jurisdiction,252,252,39.01913611,39.01913611,-76.95728611,-76.95728611,24,Guardrail Face,0,The First Harmful Event was Not a Collision with a Motor Vehicle in Transport,1,Yes,5,Entrance/Exit Ramp Related,1,Not an Intersection,4,On Roadside,0,None,6,Dark - Unknown Lighting,1,Clear,0,No,0000000,Not Applicable,99,Unknown,99,Unknown,99,Unknown EMS Scene Arrival Hour,99,Unknown EMS Scene Arrival Minutes,88,Not Applicable (Not Transported),88,Not Applicable (Not Transported),1
24,Maryland,240113,0,0,1,1,0,1,1,31,MONTGOMERY (31),0,NOT APPLICABLE,4,April,22,22,6,Friday,2022,12,12:00pm-12:59pm,28,28,SR-124,NA,3,State Highway,2,Urban,4,Minor Arterial,1,State Highway Agency,0,This section IS NOT on the NHS,0,No Special Jurisdiction,132,132,39.23559167,39.23559167,-77.18068056,-77.18068056,38,Fence,0,The First Harmful Event was Not a Collision with a Motor Vehicle in Transport,0,No,1,Non-Junction,1,Not an Intersection,4,On Roadside,0,None,1,Daylight,1,Clear,0,No,0000000,Not Applicable,99,Unknown,99,Unknown,99,Unknown EMS Scene Arrival Hour,99,Unknown EMS Scene Arrival Minutes,99,Unknown,99,Unknown EMS Hospital Arrival Time,1
24,Maryland,240114,0,0,2,2,0,2,2,13,CARROLL (13),0,NOT APPLICABLE,4,April,23,23,7,Saturday,2022,11,11:00am-11:59am,48,48,SR-140,NA,3,State Highway,2,Urban,3,Principal Arterial - Other,1,State Highway Agency,1,This section IS ON the NHS,0,No Special Jurisdiction,9,9,39.49069722,39.49069722,-76.88022778,-76.88022778,12,Motor Vehicle In-Transport,6,Angle,0,No,8,Driveway Access Related,1,Not an Intersection,1,On Roadway,0,None,1,Daylight,10,Cloudy,0,No,0000000,Not Applicable,99,Unknown,99,Unknown,99,Unknown EMS Scene Arrival Hour,99,Unknown EMS Scene Arrival Minutes,99,Unknown,99,Unknown EMS Hospital Arrival Time,1
24,Maryland,240115,0,0,2,2,0,2,2,21,FREDERICK (21),0,NOT APPLICABLE,4,April,24,24,1,Sunday,2022,9,9:00am-9:59am,7,7,CR-413,NA,4,County Road,2,Urban,5,Major Collector,2,County Highway Agency,0,This section IS NOT on the NHS,0,No Special Jurisdiction,84,84,39.42255556,39.42255556,-77.26175278,-77.26175278,12,Motor Vehicle In-Transport,2,Front-to-Front,0,No,1,Non-Junction,1,Not an Intersection,1,On Roadway,0,None,1,Daylight,1,Clear,0,No,0000000,Not Applicable,99,Unknown,99,Unknown,99,Unknown EMS Scene Arrival Hour,99,Unknown EMS Scene Arrival Minutes,99,Unknown,99,Unknown EMS Hospital Arrival Time,1
24,Maryland,240116,0,0,2,2,0,3,3,3,ANNE ARUNDEL (3),0,NOT APPLICABLE,4,April,22,22,6,Friday,2022,13,1:00pm-1:59pm,38,38,CR-2420,CR-3966,4,County Road,2,Urban,4,Minor Arterial,2,County Highway Agency,0,This section IS NOT on the NHS,0,No Special Jurisdiction,37,37,39.03611111,39.03611111,-76.46395278,-76.46395278,12,Motor Vehicle In-Transport,2,Front-to-Front,0,No,2,Intersection,2,Four-Way Intersection,1,On Roadway,0,None,1,Daylight,1,Clear,0,No,0000000,Not Applicable,99,Unknown,98,Unknown if Notified,99,Unknown EMS Scene Arrival Hour,98,Unknown if Arrived,88,Not Applicable (Not Transported),88,Not Applicable (Not Transported),1
24,Maryland,240117,0,0,2,2,0,5,5,33,PRINCE GEORGE`S (33),0,NOT APPLICABLE,4,April,22,22,6,Friday,2022,19,7:00pm-7:59pm,59,59,SR-214,E CAPITOL ST,3,State Highway,2,Urban,3,Principal Arterial - Other,1,State Highway Agency,1,This section IS ON the NHS,0,No Special Jurisdiction,7,7,38.886925,38.886925,-76.90166389,-76.90166389,12,Motor Vehicle In-Transport,6,Angle,0,No,2,Intersection,2,Four-Way Intersection,1,On Roadway,0,None,5,Dusk,1,Clear,0,No,0000000,Not Applicable,99,Unknown,99,Unknown,99,Unknown EMS Scene Arrival Hour,99,Unknown EMS Scene Arrival Minutes,99,Unknown,99,Unknown EMS Hospital Arrival Time,2
24,Maryland,240118,0,0,1,1,0,3,3,21,FREDERICK (21),0,NOT APPLICABLE,4,April,25,25,2,Monday,2022,13,1:00pm-1:59pm,34,34,US-340,NA,2,US Highway,1,Rural,2,Principal Arterial - Other Freeways and Expressways,1,State Highway Agency,1,This section IS ON the NHS,0,No Special Jurisdiction,55,55,39.40225556,39.40225556,-77.43784444,-77.43784444,24,Guardrail Face,0,The First Harmful Event was Not a Collision with a Motor Vehicle in Transport,0,No,1,Non-Junction,1,Not an Intersection,3,On Median,0,None,1,Daylight,1,Clear,0,No,0000000,Not Applicable,99,Unknown,99,Unknown,99,Unknown EMS Scene Arrival Hour,99,Unknown EMS Scene Arrival Minutes,99,Unknown,99,Unknown EMS Hospital Arrival Time,1
24,Maryland,240119,0,0,1,1,0,2,2,33,PRINCE GEORGE`S (33),0,NOT APPLICABLE,4,April,27,27,4,Wednesday,2022,7,7:00am-7:59am,10,10,SR-373,NA,3,State Highway,2,Urban,5,Major Collector,1,State Highway Agency,0,This section IS NOT on the NHS,0,No Special Jurisdiction,42,42,38.67795833,38.67795833,-76.93946944,-76.93946944,34,Ditch,0,The First Harmful Event was Not a Collision with a Motor Vehicle in Transport,0,No,1,Non-Junction,1,Not an Intersection,4,On Roadside,0,None,1,Daylight,1,Clear,0,No,0000000,Not Applicable,99,Unknown,99,Unknown,99,Unknown EMS Scene Arrival Hour,99,Unknown EMS Scene Arrival Minutes,99,Unknown,99,Unknown EMS Hospital Arrival Time,1
24,Maryland,240120,1,1,1,1,0,1,1,31,MONTGOMERY (31),0,NOT APPLICABLE,4,April,28,28,5,Thursday,2022,10,10:00am-10:59am,1,1,CR-164,KINGS RIDING WAY,4,County Road,2,Urban,4,Minor Arterial,2,County Highway Agency,0,This section IS NOT on the NHS,0,No Special Jurisdiction,12,12,39.03005833,39.03005833,-77.113075,-77.113075,8,Pedestrian,0,The First Harmful Event was Not a Collision with a Motor Vehicle in Transport,0,No,3,Intersection-Related,3,T-Intersection,1,On Roadway,0,None,1,Daylight,1,Clear,0,No,0000000,Not Applicable,99,Unknown,99,Unknown,99,Unknown EMS Scene Arrival Hour,99,Unknown EMS Scene Arrival Minutes,99,Unknown,99,Unknown EMS Hospital Arrival Time,1
24,Maryland,240121,0,0,1,1,0,1,1,15,CECIL (15),0,NOT APPLICABLE,4,April,29,29,6,Friday,2022,14,2:00pm-2:59pm,40,40,SR-310,NA,3,State Highway,2,Urban,4,Minor Arterial,1,State Highway Agency,0,This section IS NOT on the NHS,0,No Special Jurisdiction,1,1,39.49055556,39.49055556,-75.83292222,-75.83292222,34,Ditch,0,The First Harmful Event was Not a Collision with a Motor Vehicle in Transport,0,No,1,Non-Junction,1,Not an Intersection,4,On Roadside,0,None,1,Daylight,1,Clear,0,No,0000000,Not Applicable,99,Unknown,99,Unknown,99,Unknown EMS Scene Arrival Hour,99,Unknown EMS Scene Arrival Minutes,88,Not Applicable (Not Transported),88,Not Applicable (Not Transported),1
24,Maryland,240122,0,0,4,4,0,4,4,43,WASHINGTON (43),0,NOT APPLICABLE,4,April,18,18,2,Monday,2022,13,1:00pm-1:59pm,49,49,I-81,NA,1,Interstate,2,Urban,1,Interstate,1,State Highway Agency,1,This section IS ON the NHS,0,No Special Jurisdiction,69,69,39.65324722,39.65324722,-77.75000278,-77.75000278,12,Motor Vehicle In-Transport,1,Front-to-Rear,0,No,1,Non-Junction,1,Not an Intersection,1,On Roadway,0,None,1,Daylight,4,Snow,0,No,0000000,Not Applicable,99,Unknown,99,Unknown,99,Unknown EMS Scene Arrival Hour,99,Unknown EMS Scene Arrival Minutes,99,Unknown,99,Unknown EMS Hospital Arrival Time,1
24,Maryland,240123,1,1,1,1,0,1,1,33,PRINCE GEORGE`S (33),0,NOT APPLICABLE,5,May,1,1,1,Sunday,2022,23,11:00pm-11:59pm,30,30,CR-1489,NA,4,County Road,2,Urban,6,Minor Collector,2,County Highway Agency,0,This section IS NOT on the NHS,0,No Special Jurisdiction,3,3,38.91621667,38.91621667,-76.87284722,-76.87284722,8,Pedestrian,0,The First Harmful Event was Not a Collision with a Motor Vehicle in Transport,0,No,1,Non-Junction,1,Not an Intersection,1,On Roadway,0,None,2,Dark - Not Lighted,1,Clear,0,No,0000000,Not Applicable,99,Unknown,99,Unknown,99,Unknown EMS Scene Arrival Hour,99,Unknown EMS Scene Arrival Minutes,88,Not Applicable (Not Transported),88,Not Applicable (Not Transported),1
24,Maryland,240124,0,0,1,1,0,1,1,3,ANNE ARUNDEL (3),0,NOT APPLICABLE,5,May,2,2,2,Monday,2022,13,1:00pm-1:59pm,55,55,SR-665,NA,3,State Highway,2,Urban,2,Principal Arterial - Other Freeways and Expressways,1,State Highway Agency,1,This section IS ON the NHS,0,No Special Jurisdiction,18,18,38.97129722,38.97129722,-76.53880833,-76.53880833,24,Guardrail Face,0,The First Harmful Event was Not a Collision with a Motor Vehicle in Transport,0,No,1,Non-Junction,1,Not an Intersection,3,On Median,0,None,1,Daylight,1,Clear,0,No,0000000,Not Applicable,99,Unknown,99,Unknown,99,Unknown EMS Scene Arrival Hour,99,Unknown EMS Scene Arrival Minutes,88,Not Applicable (Not Transported),88,Not Applicable (Not Transported),1
24,Maryland,240125,0,0,1,1,0,1,1,29,KENT (29),0,NOT APPLICABLE,5,May,4,4,4,Wednesday,2022,18,6:00pm-6:59pm,11,11,CR-64,NA,4,County Road,2,Urban,5,Major Collector,1,State Highway Agency,0,This section IS NOT on the NHS,0,No Special Jurisdiction,0,None,39.26505278,39.26505278,-76.12916944,-76.12916944,41,Shrubbery,0,The First Harmful Event was Not a Collision with a Motor Vehicle in Transport,0,No,1,Non-Junction,1,Not an Intersection,4,On Roadside,0,None,1,Daylight,1,Clear,0,No,0000000,Not Applicable,99,Unknown,99,Unknown,99,Unknown EMS Scene Arrival Hour,99,Unknown EMS Scene Arrival Minutes,88,Not Applicable (Not Transported),88,Not Applicable (Not Transported),1
24,Maryland,240126,0,0,2,2,0,3,3,33,PRINCE GEORGE`S (33),0,NOT APPLICABLE,5,May,1,1,1,Sunday,2022,1,1:00am-1:59am,37,37,US-301,CR-1212,2,US Highway,2,Urban,3,Principal Arterial - Other,1,State Highway Agency,1,This section IS ON the NHS,0,No Special Jurisdiction,111,111,38.791725,38.791725,-76.781575,-76.781575,12,Motor Vehicle In-Transport,6,Angle,0,No,2,Intersection,2,Four-Way Intersection,1,On Roadway,0,None,3,Dark - Lighted,1,Clear,0,No,0000000,Not Applicable,99,Unknown,99,Unknown,99,Unknown EMS Scene Arrival Hour,99,Unknown EMS Scene Arrival Minutes,99,Unknown,99,Unknown EMS Hospital Arrival Time,1
24,Maryland,240127,0,0,2,2,0,2,2,43,WASHINGTON (43),160,BOONSBORO,5,May,5,5,5,Thursday,2022,15,3:00pm-3:59pm,59,59,MU-50,NA,5,Local Street - Township,2,Urban,7,Local,4,City or Municipal Highway Agency,0,This section IS NOT on the NHS,0,No Special Jurisdiction,0,None,39.50873056,39.50873056,-77.653325,-77.653325,12,Motor Vehicle In-Transport,2,Front-to-Front,0,No,1,Non-Junction,1,Not an Intersection,1,On Roadway,4,"Work Zone, Type Unknown",1,Daylight,1,Clear,0,No,0000000,Not Applicable,99,Unknown,99,Unknown,99,Unknown EMS Scene Arrival Hour,99,Unknown EMS Scene Arrival Minutes,99,Unknown,99,Unknown EMS Hospital Arrival Time,1
24,Maryland,240128,0,0,2,2,0,2,2,13,CARROLL (13),0,NOT APPLICABLE,4,April,22,22,6,Friday,2022,20,8:00pm-8:59pm,29,29,SR-194,NA,3,State Highway,1,Rural,4,Minor Arterial,1,State Highway Agency,0,This section IS NOT on the NHS,0,No Special Jurisdiction,31,31,39.62852778,39.62852778,-77.21965833,-77.21965833,12,Motor Vehicle In-Transport,2,Front-to-Front,0,No,1,Non-Junction,1,Not an Intersection,1,On Roadway,0,None,2,Dark - Not Lighted,1,Clear,0,No,0000000,Not Applicable,99,Unknown,98,Unknown if Notified,99,Unknown EMS Scene Arrival Hour,98,Unknown if Arrived,88,Not Applicable (Not Transported),88,Not Applicable (Not Transported),2
24,Maryland,240129,1,1,1,1,0,1,1,21,FREDERICK (21),0,NOT APPLICABLE,4,April,22,22,6,Friday,2022,12,12:00pm-12:59pm,2,2,SR-194,MU32,3,State Highway,2,Urban,3,Principal Arterial - Other,1,State Highway Agency,0,This section IS NOT on the NHS,0,No Special Jurisdiction,15,15,39.47465833,39.47465833,-77.35846944,-77.35846944,8,Pedestrian,0,The First Harmful Event was Not a Collision with a Motor Vehicle in Transport,0,No,3,Intersection-Related,3,T-Intersection,1,On Roadway,0,None,1,Daylight,1,Clear,0,No,0000000,Not Applicable,99,Unknown,99,Unknown,99,Unknown EMS Scene Arrival Hour,99,Unknown EMS Scene Arrival Minutes,99,Unknown,99,Unknown EMS Hospital Arrival Time,1
24,Maryland,240130,0,0,2,2,0,2,2,5,BALTIMORE (5),0,NOT APPLICABLE,3,March,18,18,6,Friday,2022,13,1:00pm-1:59pm,26,26,CR-4458,CR-7547,4,County Road,2,Urban,4,Minor Arterial,2,County Highway Agency,0,This section IS NOT on the NHS,0,No Special Jurisdiction,2,2,39.37579167,39.37579167,-76.51374722,-76.51374722,12,Motor Vehicle In-Transport,6,Angle,0,No,2,Intersection,2,Four-Way Intersection,1,On Roadway,0,None,1,Daylight,1,Clear,0,No,0000000,Not Applicable,99,Unknown,99,Unknown,99,Unknown EMS Scene Arrival Hour,99,Unknown EMS Scene Arrival Minutes,99,Unknown,99,Unknown EMS Hospital Arrival Time,1
24,Maryland,240131,0,0,2,2,0,5,5,33,PRINCE GEORGE`S (33),0,NOT APPLICABLE,5,May,7,7,7,Saturday,2022,20,8:00pm-8:59pm,50,50,SR-5,NA,3,State Highway,2,Urban,2,Principal Arterial - Other Freeways and Expressways,1,State Highway Agency,1,This section IS ON the NHS,0,No Special Jurisdiction,66,66,38.65894722,38.65894722,-76.87415278,-76.87415278,12,Motor Vehicle In-Transport,2,Front-to-Front,0,No,1,Non-Junction,1,Not an Intersection,1,On Roadway,0,None,3,Dark - Lighted,2,Rain,0,No,0000000,Not Applicable,99,Unknown,99,Unknown,99,Unknown EMS Scene Arrival Hour,99,Unknown EMS Scene Arrival Minutes,99,Unknown,99,Unknown EMS Hospital Arrival Time,1
24,Maryland,240132,2,2,1,1,0,1,1,25,HARFORD (25),0,NOT APPLICABLE,5,May,5,5,5,Thursday,2022,22,10:00pm-10:59pm,56,56,SR-24,SR-755,3,State Highway,2,Urban,3,Principal Arterial - Other,1,State Highway Agency,0,This section IS NOT on the NHS,0,No Special Jurisdiction,17,17,39.45275833,39.45275833,-76.30660833,-76.30660833,8,Pedestrian,0,The First Harmful Event was Not a Collision with a Motor Vehicle in Transport,0,No,2,Intersection,2,Four-Way Intersection,1,On Roadway,0,None,3,Dark - Lighted,1,Clear,0,No,0000000,Not Applicable,99,Unknown,99,Unknown,99,Unknown EMS Scene Arrival Hour,99,Unknown EMS Scene Arrival Minutes,99,Unknown,99,Unknown EMS Hospital Arrival Time,1
24,Maryland,240133,0,0,1,1,0,1,1,15,CECIL (15),0,NOT APPLICABLE,4,April,29,29,6,Friday,2022,17,5:00pm-5:59pm,19,19,CR-424,NA,4,County Road,1,Rural,4,Minor Arterial,2,County Highway Agency,0,This section IS NOT on the NHS,0,No Special Jurisdiction,11,11,39.64718889,39.64718889,-75.88811389,-75.88811389,31,"Post, Pole or Other Supports",0,The First Harmful Event was Not a Collision with a Motor Vehicle in Transport,0,No,1,Non-Junction,1,Not an Intersection,4,On Roadside,0,None,1,Daylight,1,Clear,0,No,0000000,Not Applicable,99,Unknown,99,Unknown,99,Unknown EMS Scene Arrival Hour,99,Unknown EMS Scene Arrival Minutes,88,Not Applicable (Not Transported),88,Not Applicable (Not Transported),1
24,Maryland,240136,0,0,1,1,0,1,1,3,ANNE ARUNDEL (3),0,NOT APPLICABLE,5,May,14,14,7,Saturday,2022,12,12:00pm-12:59pm,8,8,CR-6,NA,4,County Road,2,Urban,5,Major Collector,2,County Highway Agency,0,This section IS NOT on the NHS,0,No Special Jurisdiction,7,7,39.22092778,39.22092778,-76.67485556,-76.67485556,30,Utility Pole/Light Support,0,The First Harmful Event was Not a Collision with a Motor Vehicle in Transport,0,No,1,Non-Junction,1,Not an Intersection,4,On Roadside,0,None,1,Daylight,10,Cloudy,0,No,0000000,Not Applicable,99,Unknown,99,Unknown,99,Unknown EMS Scene Arrival Hour,99,Unknown EMS Scene Arrival Minutes,99,Unknown,99,Unknown EMS Hospital Arrival Time,1
24,Maryland,240138,0,0,1,1,0,3,3,33,PRINCE GEORGE`S (33),0,NOT APPLICABLE,5,May,5,5,5,Thursday,2022,14,2:00pm-2:59pm,40,40,SR-410,MU-441,3,State Highway,2,Urban,3,Principal Arterial - Other,1,State Highway Agency,1,This section IS ON the NHS,0,No Special Jurisdiction,31,31,38.96490556,38.96490556,-76.94024722,-76.94024722,33,Curb,0,The First Harmful Event was Not a Collision with a Motor Vehicle in Transport,0,No,3,Intersection-Related,3,T-Intersection,4,On Roadside,0,None,1,Daylight,10,Cloudy,0,No,0000000,Not Applicable,99,Unknown,99,Unknown,99,Unknown EMS Scene Arrival Hour,99,Unknown EMS Scene Arrival Minutes,99,Unknown,99,Unknown EMS Hospital Arrival Time,1
24,Maryland,240139,0,0,5,5,0,10,10,3,ANNE ARUNDEL (3),0,NOT APPLICABLE,5,May,8,8,1,Sunday,2022,16,4:00pm-4:59pm,26,26,US-50,NA,2,US Highway,2,Urban,2,Principal Arterial - Other Freeways and Expressways,1,State Highway Agency,1,This section IS ON the NHS,0,No Special Jurisdiction,171,171,39.02103611,39.02103611,-76.41891389,-76.41891389,12,Motor Vehicle In-Transport,1,Front-to-Rear,0,No,1,Non-Junction,1,Not an Intersection,1,On Roadway,0,None,1,Daylight,1,Clear,0,No,0000000,Not Applicable,99,Unknown,99,Unknown,99,Unknown EMS Scene Arrival Hour,99,Unknown EMS Scene Arrival Minutes,99,Unknown,99,Unknown EMS Hospital Arrival Time,1
24,Maryland,240140,2,2,3,1,2,1,1,3,ANNE ARUNDEL (3),0,NOT APPLICABLE,5,May,12,12,5,Thursday,2022,13,1:00pm-1:59pm,7,7,SR-10,NA,3,State Highway,2,Urban,2,Principal Arterial - Other Freeways and Expressways,1,State Highway Agency,1,This section IS ON the NHS,0,No Special Jurisdiction,72,72,39.20136944,39.20136944,-76.60196944,-76.60196944,8,Pedestrian,0,The First Harmful Event was Not a Collision with a Motor Vehicle in Transport,1,Yes,5,Entrance/Exit Ramp Related,1,Not an Intersection,4,On Roadside,0,None,1,Daylight,1,Clear,0,No,0000000,Not Applicable,99,Unknown,98,Unknown if Notified,99,Unknown EMS Scene Arrival Hour,98,Unknown if Arrived,88,Not Applicable (Not Transported),88,Not Applicable (Not Transported),1
24,Maryland,240141,0,0,2,2,0,2,2,33,PRINCE GEORGE`S (33),0,NOT APPLICABLE,5,May,15,15,1,Sunday,2022,10,10:00am-10:59am,55,55,SR-214,UU0,3,State Highway,2,Urban,3,Principal Arterial - Other,1,State Highway Agency,0,This section IS NOT on the NHS,0,No Special Jurisdiction,35,35,38.891,38.891,-76.8508,-76.8508,12,Motor Vehicle In-Transport,6,Angle,0,No,2,Intersection,3,T-Intersection,1,On Roadway,0,None,1,Daylight,1,Clear,0,No,0000000,Not Applicable,99,Unknown,99,Unknown,99,Unknown EMS Scene Arrival Hour,99,Unknown EMS Scene Arrival Minutes,99,Unknown,99,Unknown EMS Hospital Arrival Time,1
24,Maryland,240142,0,0,1,1,0,1,1,27,HOWARD (27),0,NOT APPLICABLE,5,May,15,15,1,Sunday,2022,18,6:00pm-6:59pm,18,18,I-70,NA,1,Interstate,1,Rural,1,Interstate,1,State Highway Agency,1,This section IS ON the NHS,0,No Special Jurisdiction,70,70,39.14488056,39.14488056,-76.84383056,-76.84383056,42,Tree (Standing Only),0,The First Harmful Event was Not a Collision with a Motor Vehicle in Transport,0,No,1,Non-Junction,1,Not an Intersection,4,On Roadside,0,None,1,Daylight,98,Not Reported,0,No,0000000,Not Applicable,99,Unknown,99,Unknown,99,Unknown EMS Scene Arrival Hour,99,Unknown EMS Scene Arrival Minutes,99,Unknown,99,Unknown EMS Hospital Arrival Time,1
24,Maryland,240143,1,1,1,1,0,1,1,3,ANNE ARUNDEL (3),0,NOT APPLICABLE,5,May,17,17,3,Tuesday,2022,22,10:00pm-10:59pm,10,10,SR-424,CR-5054,3,State Highway,1,Rural,4,Minor Arterial,1,State Highway Agency,0,This section IS NOT on the NHS,0,No Special Jurisdiction,3,3,38.926827780000004,38.926827780000004,-76.63016667,-76.63016667,8,Pedestrian,0,The First Harmful Event was Not a Collision with a Motor Vehicle in Transport,0,No,2,Intersection,3,T-Intersection,1,On Roadway,4,"Work Zone, Type Unknown",3,Dark - Lighted,1,Clear,0,No,0000000,Not Applicable,99,Unknown,99,Unknown,99,Unknown EMS Scene Arrival Hour,99,Unknown EMS Scene Arrival Minutes,99,Unknown,99,Unknown EMS Hospital Arrival Time,1
24,Maryland,240144,1,1,2,2,0,2,2,510,BALTIMORE (CITY) (510),50,BALTIMORE,3,March,21,21,2,Monday,2022,6,6:00am-6:59am,21,21,I-395,NA,1,Interstate,2,Urban,1,Interstate,1,State Highway Agency,1,This section IS ON the NHS,0,No Special Jurisdiction,3,3,39.27402222,39.27402222,-76.62121667,-76.62121667,12,Motor Vehicle In-Transport,7,Sideswipe - Same Direction,0,No,1,Non-Junction,1,Not an Intersection,1,On Roadway,0,None,3,Dark - Lighted,1,Clear,0,No,0000000,Not Applicable,99,Unknown,99,Unknown,99,Unknown EMS Scene Arrival Hour,99,Unknown EMS Scene Arrival Minutes,88,Not Applicable (Not Transported),88,Not Applicable (Not Transported),1
24,Maryland,240145,1,1,1,1,0,1,1,31,MONTGOMERY (31),0,NOT APPLICABLE,5,May,6,6,6,Friday,2022,11,11:00am-11:59am,21,21,CR-4223,NA,4,County Road,2,Urban,7,Local,1,State Highway Agency,0,This section IS NOT on the NHS,0,No Special Jurisdiction,10,10,39.02436389,39.02436389,-77.132636110000007,-77.132636110000007,8,Pedestrian,0,The First Harmful Event was Not a Collision with a Motor Vehicle in Transport,0,No,1,Non-Junction,1,Not an Intersection,1,On Roadway,0,None,1,Daylight,2,Rain,0,No,0000000,Not Applicable,99,Unknown,99,Unknown,99,Unknown EMS Scene Arrival Hour,99,Unknown EMS Scene Arrival Minutes,99,Unknown,99,Unknown EMS Hospital Arrival Time,1
24,Maryland,240146,0,0,2,2,0,2,2,3,ANNE ARUNDEL (3),0,NOT APPLICABLE,5,May,18,18,4,Wednesday,2022,0,0:00am-0:59am,5,5,SR-695,NA,3,State Highway,2,Urban,2,Principal Arterial - Other Freeways and Expressways,1,State Highway Agency,1,This section IS ON the NHS,0,No Special Jurisdiction,17,17,39.20408333,39.20408333,-76.625025,-76.625025,12,Motor Vehicle In-Transport,6,Angle,0,No,1,Non-Junction,1,Not an Intersection,1,On Roadway,1,Construction,2,Dark - Not Lighted,1,Clear,0,No,0000000,Not Applicable,99,Unknown,99,Unknown,99,Unknown EMS Scene Arrival Hour,99,Unknown EMS Scene Arrival Minutes,88,Not Applicable (Not Transported),88,Not Applicable (Not Transported),1
24,Maryland,240147,0,0,2,2,0,2,2,27,HOWARD (27),0,NOT APPLICABLE,5,May,13,13,6,Friday,2022,9,9:00am-9:59am,45,45,US-1,NA,2,US Highway,2,Urban,3,Principal Arterial - Other,1,State Highway Agency,1,This section IS ON the NHS,0,No Special Jurisdiction,105,105,39.215275,39.215275,-76.71261111,-76.71261111,12,Motor Vehicle In-Transport,6,Angle,0,No,1,Non-Junction,1,Not an Intersection,1,On Roadway,0,None,1,Daylight,10,Cloudy,0,No,0000000,Not Applicable,99,Unknown,99,Unknown,99,Unknown EMS Scene Arrival Hour,99,Unknown EMS Scene Arrival Minutes,99,Unknown,99,Unknown EMS Hospital Arrival Time,1
24,Maryland,240148,0,0,2,2,0,3,3,5,BALTIMORE (5),0,NOT APPLICABLE,1,January,6,6,5,Thursday,2022,23,11:00pm-11:59pm,43,43,CR-1700,NA,4,County Road,2,Urban,4,Minor Arterial,2,County Highway Agency,0,This section IS NOT on the NHS,0,No Special Jurisdiction,50,50,39.37686667,39.37686667,-76.73541667,-76.73541667,12,Motor Vehicle In-Transport,1,Front-to-Rear,0,No,1,Non-Junction,1,Not an Intersection,1,On Roadway,0,None,3,Dark - Lighted,1,Clear,0,No,0000000,Not Applicable,99,Unknown,99,Unknown,99,Unknown EMS Scene Arrival Hour,99,Unknown EMS Scene Arrival Minutes,99,Unknown,99,Unknown EMS Hospital Arrival Time,2
24,Maryland,240149,0,0,1,1,0,1,1,23,GARRETT (23),0,NOT APPLICABLE,5,May,15,15,1,Sunday,2022,9,9:00am-9:59am,42,42,SR-42,NA,3,State Highway,2,Urban,5,Major Collector,1,State Highway Agency,0,This section IS NOT on the NHS,0,No Special Jurisdiction,39,39,39.61855556,39.61855556,-79.38696389,-79.38696389,1,Rollover/Overturn,0,The First Harmful Event was Not a Collision with a Motor Vehicle in Transport,0,No,1,Non-Junction,1,Not an Intersection,4,On Roadside,0,None,1,Daylight,1,Clear,0,No,0000000,Not Applicable,99,Unknown,99,Unknown,99,Unknown EMS Scene Arrival Hour,99,Unknown EMS Scene Arrival Minutes,99,Unknown,99,Unknown EMS Hospital Arrival Time,1
24,Maryland,240150,0,0,1,1,0,1,1,33,PRINCE GEORGE`S (33),0,NOT APPLICABLE,5,May,6,6,6,Friday,2022,1,1:00am-1:59am,37,37,SR-4,NA,3,State Highway,2,Urban,3,Principal Arterial - Other,1,State Highway Agency,1,This section IS ON the NHS,0,No Special Jurisdiction,97,97,38.83692222,38.83692222,-76.86928333,-76.86928333,34,Ditch,0,The First Harmful Event was Not a Collision with a Motor Vehicle in Transport,1,Yes,5,Entrance/Exit Ramp Related,1,Not an Intersection,4,On Roadside,0,None,2,Dark - Not Lighted,1,Clear,0,No,0000000,Not Applicable,99,Unknown,98,Unknown if Notified,99,Unknown EMS Scene Arrival Hour,98,Unknown if Arrived,88,Not Applicable (Not Transported),88,Not Applicable (Not Transported),1