STATE,STATENAME,ST_CASE,PEDS,PERNOTMVIT,VE_TOTAL,VE_FORMS,PVH_INVL,PERSONS,PERMVIT,COUNTY,COUNTYNAME,CITY,CITYNAME,MONTH,MONTHNAME,DAY,DAYNAME,DAY_WEEK,DAY_WEEKNAME,YEAR,HOUR,HOURNAME,MINUTE,MINUTENAME,TWAY_ID,TWAY_ID2,ROUTE,ROUTENAME,RUR_URB,RUR_URBNAME,FUNC_SYS,FUNC_SYSNAME,RD_OWNER,RD_OWNERNAME,NHS,NHSNAME,SP_JUR,SP_JURNAME,MILEPT,MILEPTNAME,LATITUDE,LATITUDENAME,LONGITUD,LONGITUDNAME,HARM_EV,HARM_EVNAME,MAN_COLL,MAN_COLLNAME,RELJCT1,RELJCT1NAME,RELJCT2,RELJCT2NAME,TYP_INT,TYP_INTNAME,REL_ROAD,REL_ROADNAME,WRK_ZONE,WRK_ZONENAME,LGT_COND,LGT_CONDNAME,WEATHER,WEATHERNAME,SCH_BUS,SCH_BUSNAME,RAIL,RAILNAME,NOT_HOUR,NOT_HOURNAME,NOT_MIN,NOT_MINNAME,ARR_HOUR,ARR_HOURNAME,ARR_MIN,ARR_MINNAME,HOSP_HR,HOSP_HRNAME,HOSP_MN,HOSP_MNNAME,FATALS
24,Maryland,240187,0,0,3,3,0,5,5,37,ST. MARY`S (37),0,NOT APPLICABLE,6,June,14,14,3,Tuesday,2022,18,6:00pm-6:59pm,9,9,SR-235,CR-352,3,State Highway,2,Urban,3,Principal Arterial - Other,1,State Highway Agency,0,This section IS NOT on the NHS,0,No Special Jurisdiction,99,99,38.24746667,38.24746667,-76.42329444,-76.42329444,12,Motor Vehicle In-Transport,2,Front-to-Front,0,No,2,Intersection,2,Four-Way Intersection,1,On Roadway,0,None,1,Daylight,1,Clear,0,No,0000000,Not Applicable,99,Unknown,99,Unknown,99,Unknown EMS Scene Arrival Hour,99,Unknown EMS Scene Arrival Minutes,99,Unknown,99,Unknown EMS Hospital Arrival Time,1
24,Maryland,240188,1,1,1,1,0,1,1,27,HOWARD (27),0,NOT APPLICABLE,6,June,5,5,1,Sunday,2022,23,11:00pm-11:59pm,7,7,SR-99,NA,3,State Highway,2,Urban,4,Minor Arterial,1,State Highway Agency,0,This section IS NOT on the NHS,0,No Special Jurisdiction,62,62,39.29707778,39.29707778,-76.84754167,-76.84754167,8,Pedestrian,0,The First Harmful Event was Not a Collision with a Motor Vehicle in Transport,0,No,1,Non-Junction,1,Not an Intersection,2,On Shoulder,0,None,2,Dark - Not Lighted,1,Clear,0,No,0000000,Not Applicable,99,Unknown,99,Unknown,99,Unknown EMS Scene Arrival Hour,99,Unknown EMS Scene Arrival Minutes,99,Unknown,99,Unknown EMS Hospital Arrival Time,1
24,Maryland,240189,0,0,2,2,0,2,2,27,HOWARD (27),0,NOT APPLICABLE,6,June,6,6,2,Monday,2022,6,6:00am-6:59am,37,37,SR-175,I-95 RAMP,3,State Highway,2,Urban,2,Principal Arterial - Other Freeways and Expressways,1,State Highway Agency,1,This section IS ON the NHS,0,No Special Jurisdiction,24,24,39.17975556,39.17975556,-76.79013889,-76.79013889,12,Motor Vehicle In-Transport,6,Angle,1,Yes,2,Intersection,3,T-Intersection,1,On Roadway,0,None,1,Daylight,1,Clear,0,No,0000000,Not Applicable,99,Unknown,99,Unknown,99,Unknown EMS Scene Arrival Hour,99,Unknown EMS Scene Arrival Minutes,99,Unknown,99,Unknown EMS Hospital Arrival Time,1
24,Maryland,240190,0,0,2,2,0,2,2,21,FREDERICK (21),0,NOT APPLICABLE,6,June,7,7,3,Tuesday,2022,23,11:00pm-11:59pm,51,51,US-15,NA,2,US Highway,2,Urban,2,Principal Arterial - Other Freeways and Expressways,1,State Highway Agency,1,This section IS ON the NHS,0,No Special Jurisdiction,227,227,39.55409722,39.55409722,-77.43026667,-77.43026667,12,Motor Vehicle In-Transport,2,Front-to-Front,0,No,1,Non-Junction,1,Not an Intersection,1,On Roadway,0,None,3,Dark - Lighted,1,Clear,0,No,0000000,Not Applicable,99,Unknown,99,Unknown,99,Unknown EMS Scene Arrival Hour,99,Unknown EMS Scene Arrival Minutes,99,Unknown,99,Unknown EMS Hospital Arrival Time,1
24,Maryland,240191,0,0,1,1,0,2,2,13,CARROLL (13),0,NOT APPLICABLE,6,June,19,19,1,Sunday,2022,3,3:00am-3:59am,43,43,SR-27,NA,3,State Highway,2,Urban,4,Minor Arterial,1,State Highway Agency,0,This section IS NOT on the NHS,0,No Special Jurisdiction,250,250,39.65138056,39.65138056,-76.90863056,-76.90863056,30,Utility Pole/Light Support,0,The First Harmful Event was Not a Collision with a Motor Vehicle in Transport,0,No,1,Non-Junction,1,Not an Intersection,4,On Roadside,0,None,2,Dark - Not Lighted,1,Clear,0,No,0000000,Not Applicable,99,Unknown,99,Unknown,99,Unknown EMS Scene Arrival Hour,99,Unknown EMS Scene Arrival Minutes,99,Unknown,99,Unknown EMS Hospital Arrival Time,2
24,Maryland,240192,0,0,1,1,0,1,1,9,CALVERT (9),0,NOT APPLICABLE,6,June,3,3,6,Friday,2022,20,8:00pm-8:59pm,41,41,CR-31,NA,4,County Road,2,Urban,4,Minor Arterial,2,County Highway Agency,0,This section IS NOT on the NHS,0,No Special Jurisdiction,8,8,38.62267778,38.62267778,-76.52243889,-76.52243889,42,Tree (Standing Only),0,The First Harmful Event was Not a Collision with a Motor Vehicle in Transport,0,No,1,Non-Junction,1,Not an Intersection,4,On Roadside,0,None,2,Dark - Not Lighted,1,Clear,0,No,0000000,Not Applicable,99,Unknown,99,Unknown,99,Unknown EMS Scene Arrival Hour,99,Unknown EMS Scene Arrival Minutes,88,Not Applicable (Not Transported),88,Not Applicable (Not Transported),1
24,Maryland,240193,0,0,2,2,0,3,3,3,ANNE ARUNDEL (3),0,NOT APPLICABLE,6,June,25,25,7,Saturday,2022,16,4:00pm-4:59pm,0,0,CR-443,NA,4,County Road,2,Urban,5,Major Collector,2,County Highway Agency,0,This section IS NOT on the NHS,0,No Special Jurisdiction,3,3,39.17346111,39.17346111,-76.59986944,-76.59986944,12,Motor Vehicle In-Transport,6,Angle,0,No,1,Non-Junction,1,Not an Intersection,1,On Roadway,0,None,1,Daylight,1,Clear,0,No,0000000,Not Applicable,99,Unknown,99,Unknown,99,Unknown EMS Scene Arrival Hour,99,Unknown EMS Scene Arrival Minutes,99,Unknown,99,Unknown EMS Hospital Arrival Time,1
24,Maryland,240194,1,1,1,1,0,1,1,510,BALTIMORE (CITY) (510),50,BALTIMORE,4,April,4,4,2,Monday,2022,5,5:00am-5:59am,45,45,MU-1030,NA,6,Local Street - Municipality,2,Urban,4,Minor Arterial,4,City or Municipal Highway Agency,0,This section IS NOT on the NHS,0,No Special Jurisdiction,0,None,39.32816111,39.32816111,-76.53366944,-76.53366944,8,Pedestrian,0,The First Harmful Event was Not a Collision with a Motor Vehicle in Transport,0,No,1,Non-Junction,1,Not an Intersection,1,On Roadway,0,None,3,Dark - Lighted,10,Cloudy,0,No,0000000,Not Applicable,99,Unknown,99,Unknown,99,Unknown EMS Scene Arrival Hour,99,Unknown EMS Scene Arrival Minutes,99,Unknown,99,Unknown EMS Hospital Arrival Time,1
24,Maryland,240195,1,1,1,1,0,1,1,33,PRINCE GEORGE`S (33),0,NOT APPLICABLE,6,June,22,22,4,Wednesday,2022,21,9:00pm-9:59pm,3,3,SR-410,NA,3,State Highway,2,Urban,3,Principal Arterial - Other,1,State Highway Agency,1,This section IS ON the NHS,0,No Special Jurisdiction,9,9,38.97150278,38.97150278,-76.97899167,-76.97899167,8,Pedestrian,0,The First Harmful Event was Not a Collision with a Motor Vehicle in Transport,0,No,1,Non-Junction,1,Not an Intersection,1,On Roadway,0,None,2,Dark - Not Lighted,2,Rain,0,No,0000000,Not Applicable,99,Unknown,99,Unknown,99,Unknown EMS Scene Arrival Hour,99,Unknown EMS Scene Arrival Minutes,99,Unknown,99,Unknown EMS Hospital Arrival Time,1
24,Maryland,240196,1,1,1,1,0,1,1,31,MONTGOMERY (31),0,NOT APPLICABLE,6,June,24,24,6,Friday,2022,4,4:00am-4:59am,30,30,SR-97,NA,3,State Highway,2,Urban,3,Principal Arterial - Other,1,State Highway Agency,1,This section IS ON the NHS,0,No Special Jurisdiction,83,83,39.09968056,39.09968056,-77.07761667,-77.07761667,8,Pedestrian,0,The First Harmful Event was Not a Collision with a Motor Vehicle in Transport,0,No,1,Non-Junction,1,Not an Intersection,1,On Roadway,0,None,2,Dark - Not Lighted,1,Clear,0,No,0000000,Not Applicable,99,Unknown,99,Unknown,99,Unknown EMS Scene Arrival Hour,99,Unknown EMS Scene Arrival Minutes,88,Not Applicable (Not Transported),88,Not Applicable (Not Transported),1
24,Maryland,240197,0,0,2,2,0,2,2,33,PRINCE GEORGE`S (33),0,NOT APPLICABLE,6,June,8,8,4,Wednesday,2022,6,6:00am-6:59am,26,26,CR-97,NA,4,County Road,2,Urban,4,Minor Arterial,2,County Highway Agency,0,This section IS NOT on the NHS,0,No Special Jurisdiction,12,12,38.86796389,38.86796389,-76.82002222,-76.82002222,12,Motor Vehicle In-Transport,2,Front-to-Front,0,No,1,Non-Junction,1,Not an Intersection,1,On Roadway,0,None,1,Daylight,1,Clear,0,No,0000000,Not Applicable,99,Unknown,99,Unknown,99,Unknown EMS Scene Arrival Hour,99,Unknown EMS Scene Arrival Minutes,99,Unknown,99,Unknown EMS Hospital Arrival Time,1
24,Maryland,240198,0,0,2,2,0,2,2,15,CECIL (15),0,NOT APPLICABLE,6,June,24,24,6,Friday,2022,21,9:00pm-9:59pm,20,20,SR-213,CR-279,3,State Highway,2,Urban,4,Minor Arterial,1,State Highway Agency,0,This section IS NOT on the NHS,0,No Special Jurisdiction,139,139,39.54026944,39.54026944,-75.80678611,-75.80678611,12,Motor Vehicle In-Transport,2,Front-to-Front,0,No,2,Intersection,3,T-Intersection,1,On Roadway,0,None,3,Dark - Lighted,1,Clear,0,No,0000000,Not Applicable,99,Unknown,99,Unknown,99,Unknown EMS Scene Arrival Hour,99,Unknown EMS Scene Arrival Minutes,88,Not Applicable (Not Transported),88,Not Applicable (Not Transported),1
24,Maryland,240199,0,0,1,1,0,1,1,33,PRINCE GEORGE`S (33),170,BOWIE,6,June,25,25,7,Saturday,2022,3,3:00am-3:59am,15,15,MU-1915,NA,6,Local Street - Municipality,2,Urban,5,Major Collector,4,City or Municipal Highway Agency,0,This section IS NOT on the NHS,0,No Special Jurisdiction,5,5,38.92491667,38.92491667,-76.72331111,-76.72331111,42,Tree (Standing Only),0,The First Harmful Event was Not a Collision with a Motor Vehicle in Transport,0,No,1,Non-Junction,1,Not an Intersection,4,On Roadside,0,None,3,Dark - Lighted,1,Clear,0,No,0000000,Not Applicable,99,Unknown,99,Unknown,99,Unknown EMS Scene Arrival Hour,99,Unknown EMS Scene Arrival Minutes,88,Not Applicable (Not Transported),88,Not Applicable (Not Transported),1
24,Maryland,240200,1,1,3,3,0,3,3,33,PRINCE GEORGE`S (33),0,NOT APPLICABLE,6,June,23,23,5,Thursday,2022,23,11:00pm-11:59pm,49,49,SR-458,NA,3,State Highway,2,Urban,3,Principal Arterial - Other,1,State Highway Agency,1,This section IS ON the NHS,0,No Special Jurisdiction,9,9,38.8437,38.8437,-76.93012778,-76.93012778,8,Pedestrian,0,The First Harmful Event was Not a Collision with a Motor Vehicle in Transport,0,No,1,Non-Junction,1,Not an Intersection,1,On Roadway,0,None,3,Dark - Lighted,10,Cloudy,0,No,0000000,Not Applicable,99,Unknown,99,Unknown,99,Unknown EMS Scene Arrival Hour,99,Unknown EMS Scene Arrival Minutes,88,Not Applicable (Not Transported),88,Not Applicable (Not Transported),1
24,Maryland,240202,0,0,4,4,0,9,9,25,HARFORD (25),0,NOT APPLICABLE,6,June,29,29,4,Wednesday,2022,18,6:00pm-6:59pm,9,9,I-95,NA,1,Interstate,2,Urban,1,Interstate,1,State Highway Agency,1,This section IS ON the NHS,0,No Special Jurisdiction,163,163,39.57608889,39.57608889,-76.12770833,-76.12770833,12,Motor Vehicle In-Transport,1,Front-to-Rear,0,No,1,Non-Junction,1,Not an Intersection,2,On Shoulder,0,None,1,Daylight,1,Clear,0,No,0000000,Not Applicable,99,Unknown,99,Unknown,99,Unknown EMS Scene Arrival Hour,99,Unknown EMS Scene Arrival Minutes,99,Unknown,99,Unknown EMS Hospital Arrival Time,1
24,Maryland,240203,1,1,1,1,0,1,1,3,ANNE ARUNDEL (3),0,NOT APPLICABLE,6,June,25,25,7,Saturday,2022,2,2:00am-2:59am,6,6,SR-648E,NA,3,State Highway,2,Urban,4,Minor Arterial,1,State Highway Agency,0,This section IS NOT on the NHS,0,No Special Jurisdiction,22,22,39.15712222,39.15712222,-76.60716389,-76.60716389,8,Pedestrian,0,The First Harmful Event was Not a Collision with a Motor Vehicle in Transport,0,No,1,Non-Junction,1,Not an Intersection,1,On Roadway,0,None,2,Dark - Not Lighted,1,Clear,0,No,0000000,Not Applicable,99,Unknown,99,Unknown,99,Unknown EMS Scene Arrival Hour,99,Unknown EMS Scene Arrival Minutes,88,Not Applicable (Not Transported),88,Not Applicable (Not Transported),1
24,Maryland,240204,0,0,2,2,0,6,6,33,PRINCE GEORGE`S (33),0,NOT APPLICABLE,6,June,28,28,3,Tuesday,2022,20,8:00pm-8:59pm,33,33,CR-42,NA,4,County Road,2,Urban,4,Minor Arterial,2,County Highway Agency,0,This section IS NOT on the NHS,0,No Special Jurisdiction,21,21,38.97661389,38.97661389,-76.87938611,-76.87938611,12,Motor Vehicle In-Transport,6,Angle,0,No,1,Non-Junction,1,Not an Intersection,1,On Roadway,0,None,1,Daylight,1,Clear,0,No,0000000,Not Applicable,99,Unknown,99,Unknown,99,Unknown EMS Scene Arrival Hour,99,Unknown EMS Scene Arrival Minutes,99,Unknown,99,Unknown EMS Hospital Arrival Time,1
24,Maryland,240205,1,1,2,2,0,3,3,33,PRINCE GEORGE`S (33),0,NOT APPLICABLE,7,July,5,5,3,Tuesday,2022,23,11:00pm-11:59pm,16,16,I-595,NA,1,Interstate,2,Urban,1,Interstate,1,State Highway Agency,1,This section IS ON the NHS,0,No Special Jurisdiction,51,51,38.94750833,38.94750833,-76.83740833,-76.83740833,8,Pedestrian,0,The First Harmful Event was Not a Collision with a Motor Vehicle in Transport,0,No,1,Non-Junction,1,Not an Intersection,3,On Median,0,None,2,Dark - Not Lighted,1,Clear,0,No,0000000,Not Applicable,99,Unknown,98,Unknown if Notified,99,Unknown EMS Scene Arrival Hour,98,Unknown if Arrived,88,Not Applicable (Not Transported),88,Not Applicable (Not Transported),1
24,Maryland,240206,1,1,2,2,0,2,2,5,BALTIMORE (5),0,NOT APPLICABLE,4,April,1,1,6,Friday,2022,3,3:00am-3:59am,44,44,CR-8007,CR-5462,4,County Road,2,Urban,5,Major Collector,2,County Highway Agency,0,This section IS NOT on the NHS,0,No Special Jurisdiction,17,17,39.28632222,39.28632222,-76.50270833,-76.50270833,8,Pedestrian,0,The First Harmful Event was Not a Collision with a Motor Vehicle in Transport,0,No,3,Intersection-Related,2,Four-Way Intersection,1,On Roadway,0,None,3,Dark - Lighted,2,Rain,0,No,0000000,Not Applicable,99,Unknown,99,Unknown,99,Unknown EMS Scene Arrival Hour,99,Unknown EMS Scene Arrival Minutes,88,Not Applicable (Not Transported),88,Not Applicable (Not Transported),1
24,Maryland,240207,0,0,1,1,0,2,2,1,ALLEGANY (1),0,NOT APPLICABLE,6,June,18,18,7,Saturday,2022,1,1:00am-1:59am,15,15,SR-807,NA,3,State Highway,2,Urban,4,Minor Arterial,1,State Highway Agency,0,This section IS NOT on the NHS,0,No Special Jurisdiction,23,23,39.70282778,39.70282778,-78.71588333,-78.71588333,35,Embankment,0,The First Harmful Event was Not a Collision with a Motor Vehicle in Transport,0,No,1,Non-Junction,1,Not an Intersection,4,On Roadside,0,None,3,Dark - Lighted,1,Clear,0,No,0000000,Not Applicable,99,Unknown,99,Unknown,99,Unknown EMS Scene Arrival Hour,99,Unknown EMS Scene Arrival Minutes,99,Unknown,99,Unknown EMS Hospital Arrival Time,1
24,Maryland,240208,0,0,1,1,0,1,1,15,CECIL (15),0,NOT APPLICABLE,7,July,6,6,4,Wednesday,2022,21,9:00pm-9:59pm,26,26,CR-167,NA,4,County Road,1,Rural,7,Local,2,County Highway Agency,0,This section IS NOT on the NHS,0,No Special Jurisdiction,24,24,39.62962778,39.62962778,-75.92062222,-75.92062222,30,Utility Pole/Light Support,0,The First Harmful Event was Not a Collision with a Motor Vehicle in Transport,0,No,1,Non-Junction,1,Not an Intersection,4,On Roadside,0,None,2,Dark - Not Lighted,98,Not Reported,0,No,0000000,Not Applicable,99,Unknown,99,Unknown,99,Unknown EMS Scene Arrival Hour,99,Unknown EMS Scene Arrival Minutes,88,Not Applicable (Not Transported),88,Not Applicable (Not Transported),1
24,Maryland,240209,0,0,1,1,0,1,1,27,HOWARD (27),0,NOT APPLICABLE,7,July,6,6,4,Wednesday,2022,4,4:00am-4:59am,42,42,US-29,NA,2,US Highway,2,Urban,2,Principal Arterial - Other Freeways and Expressways,1,State Highway Agency,1,This section IS ON the NHS,0,No Special Jurisdiction,129,129,39.29079722,39.29079722,-76.82527222,-76.82527222,43,Other Fixed Object,0,The First Harmful Event was Not a Collision with a Motor Vehicle in Transport,0,No,1,Non-Junction,1,Not an Intersection,3,On Median,0,None,2,Dark - Not Lighted,10,Cloudy,0,No,0000000,Not Applicable,99,Unknown,99,Unknown,99,Unknown EMS Scene Arrival Hour,99,Unknown EMS Scene Arrival Minutes,88,Not Applicable (Not Transported),88,Not Applicable (Not Transported),1
24,Maryland,240210,1,1,1,1,0,1,1,47,WORCESTER (47),0,NOT APPLICABLE,7,July,11,11,2,Monday,2022,22,10:00pm-10:59pm,44,44,OP-451,NA,8,Other,2,Urban,7,Local,25,Other Local Agency,0,This section IS NOT on the NHS,0,No Special Jurisdiction,0,None,38.34861944,38.34861944,-75.17932222,-75.17932222,8,Pedestrian,0,The First Harmful Event was Not a Collision with a Motor Vehicle in Transport,0,No,1,Non-Junction,1,Not an Intersection,1,On Roadway,0,None,2,Dark - Not Lighted,1,Clear,0,No,0000000,Not Applicable,99,Unknown,99,Unknown,99,Unknown EMS Scene Arrival Hour,99,Unknown EMS Scene Arrival Minutes,99,Unknown,99,Unknown EMS Hospital Arrival Time,1
24,Maryland,240211,0,0,1,1,0,1,1,21,FREDERICK (21),0,NOT APPLICABLE,7,July,10,10,1,Sunday,2022,6,6:00am-6:59am,58,58,SR-85,NA,3,State Highway,2,Urban,4,Minor Arterial,1,State Highway Agency,0,This section IS NOT on the NHS,0,No Special Jurisdiction,0,None,39.262025,39.262025,-77.46529167,-77.46529167,31,"Post, Pole or Other Supports",0,The First Harmful Event was Not a Collision with a Motor Vehicle in Transport,0,No,1,Non-Junction,1,Not an Intersection,4,On Roadside,0,None,1,Daylight,1,Clear,0,No,0000000,Not Applicable,99,Unknown,99,Unknown,99,Unknown EMS Scene Arrival Hour,99,Unknown EMS Scene Arrival Minutes,88,Not Applicable (Not Transported),88,Not Applicable (Not Transported),1
24,Maryland,240212,1,1,1,1,0,1,1,5,BALTIMORE (5),0,NOT APPLICABLE,6,June,15,15,4,Wednesday,2022,13,1:00pm-1:59pm,58,58,CR-3043,CR-3051,4,County Road,2,Urban,5,Major Collector,2,County Highway Agency,0,This section IS NOT on the NHS,0,No Special Jurisdiction,6,6,39.25253056,39.25253056,-76.70234722,-76.70234722,15,Non-Motorist on Personal Conveyance,0,The First Harmful Event was Not a Collision with a Motor Vehicle in Transport,0,No,2,Intersection,2,Four-Way Intersection,1,On Roadway,0,None,1,Daylight,1,Clear,0,No,0000000,Not Applicable,99,Unknown,99,Unknown,99,Unknown EMS Scene Arrival Hour,99,Unknown EMS Scene Arrival Minutes,99,Unknown,99,Unknown EMS Hospital Arrival Time,1
24,Maryland,240213,0,0,2,2,0,3,3,31,MONTGOMERY (31),0,NOT APPLICABLE,7,July,10,10,1,Sunday,2022,19,7:00pm-7:59pm,44,44,SR-97,CR-1906,3,State Highway,2,Urban,3,Principal Arterial - Other,1,State Highway Agency,0,This section IS NOT on the NHS,0,No Special Jurisdiction,59,59,39.07262222,39.07262222,-77.06503889,-77.06503889,12,Motor Vehicle In-Transport,6,Angle,0,No,2,Intersection,2,Four-Way Intersection,1,On Roadway,0,None,1,Daylight,1,Clear,0,No,0000000,Not Applicable,99,Unknown,99,Unknown,99,Unknown EMS Scene Arrival Hour,99,Unknown EMS Scene Arrival Minutes,99,Unknown,99,Unknown EMS Hospital Arrival Time,2
24,Maryland,240214,0,0,1,1,0,1,1,17,CHARLES (17),0,NOT APPLICABLE,7,July,2,2,7,Saturday,2022,18,6:00pm-6:59pm,17,17,CR-133,NA,4,County Road,1,Rural,7,Local,2,County Highway Agency,0,This section IS NOT on the NHS,0,No Special Jurisdiction,22,22,38.52219444,38.52219444,-77.08373056,-77.08373056,31,"Post, Pole or Other Supports",0,The First Harmful Event was Not a Collision with a Motor Vehicle in Transport,0,No,1,Non-Junction,1,Not an Intersection,4,On Roadside,0,None,1,Daylight,1,Clear,0,No,0000000,Not Applicable,99,Unknown,99,Unknown,99,Unknown EMS Scene Arrival Hour,99,Unknown EMS Scene Arrival Minutes,88,Not Applicable (Not Transported),88,Not Applicable (Not Transported),1
24,Maryland,240215,0,0,1,1,0,1,1,3,ANNE ARUNDEL (3),0,NOT APPLICABLE,7,July,8,8,6,Friday,2022,9,9:00am-9:59am,3,3,SR-648E,I-695 RAMP,3,State Highway,2,Urban,4,Minor Arterial,1,State Highway Agency,0,This section IS NOT on the NHS,0,No Special Jurisdiction,64,64,39.20493056,39.20493056,-76.64149444,-76.64149444,33,Curb,0,The First Harmful Event was Not a Collision with a Motor Vehicle in Transport,0,No,3,Intersection-Related,2,Four-Way Intersection,4,On Roadside,0,None,1,Daylight,1,Clear,0,No,0000000,Not Applicable,99,Unknown,99,Unknown,99,Unknown EMS Scene Arrival Hour,99,Unknown EMS Scene Arrival Minutes,99,Unknown,99,Unknown EMS Hospital Arrival Time,1
24,Maryland,240216,1,1,2,2,0,2,2,510,BALTIMORE (CITY) (510),50,BALTIMORE,5,May,26,26,5,Thursday,2022,21,9:00pm-9:59pm,5,5,MU-6366,NA,6,Local Street - Municipality,2,Urban,3,Principal Arterial - Other,4,City or Municipal Highway Agency,1,This section IS ON the NHS,0,No Special Jurisdiction,14,14,39.30715,39.30715,-76.67346111,-76.67346111,9,Pedalcyclist,0,The First Harmful Event was Not a Collision with a Motor Vehicle in Transport,0,No,1,Non-Junction,1,Not an Intersection,1,On Roadway,0,None,3,Dark - Lighted,10,Cloudy,0,No,0000000,Not Applicable,99,Unknown,99,Unknown,99,Unknown EMS Scene Arrival Hour,99,Unknown EMS Scene Arrival Minutes,88,Not Applicable (Not Transported),88,Not Applicable (Not Transported),1
24,Maryland,240217,0,0,2,2,0,2,2,510,BALTIMORE (CITY) (510),0,NOT APPLICABLE,5,May,29,29,1,Sunday,2022,13,1:00pm-1:59pm,11,11,I-95 RAMP,NA,1,Interstate,2,Urban,1,Interstate,1,State Highway Agency,1,This section IS ON the NHS,0,No Special Jurisdiction,23,23,39.26933611,39.26933611,-76.63510278,-76.63510278,12,Motor Vehicle In-Transport,1,Front-to-Rear,1,Yes,20,Entrance/Exit Ramp,1,Not an Intersection,1,On Roadway,0,None,1,Daylight,1,Clear,0,No,0000000,Not Applicable,99,Unknown,99,Unknown,99,Unknown EMS Scene Arrival Hour,99,Unknown EMS Scene Arrival Minutes,99,Unknown,99,Unknown EMS Hospital Arrival Time,1
24,Maryland,240218,1,1,1,1,0,2,2,5,BALTIMORE (5),0,NOT APPLICABLE,3,March,10,10,5,Thursday,2022,19,7:00pm-7:59pm,9,9,SR-700,NA,3,State Highway,2,Urban,4,Minor Arterial,1,State Highway Agency,0,This section IS NOT on the NHS,0,No Special Jurisdiction,12,12,39.33582222,39.33582222,-76.456775,-76.456775,8,Pedestrian,0,The First Harmful Event was Not a Collision with a Motor Vehicle in Transport,0,No,1,Non-Junction,1,Not an Intersection,1,On Roadway,0,None,2,Dark - Not Lighted,10,Cloudy,0,No,0000000,Not Applicable,99,Unknown,99,Unknown,99,Unknown EMS Scene Arrival Hour,99,Unknown EMS Scene Arrival Minutes,99,Unknown,99,Unknown EMS Hospital Arrival Time,1
24,Maryland,240219,0,0,2,2,0,2,2,5,BALTIMORE (5),0,NOT APPLICABLE,5,May,31,31,3,Tuesday,2022,3,3:00am-3:59am,34,34,I-695,NA,1,Interstate,2,Urban,2,Principal Arterial - Other Freeways and Expressways,1,State Highway Agency,1,This section IS ON the NHS,0,No Special Jurisdiction,87,87,39.25423611,39.25423611,-76.457525,-76.457525,12,Motor Vehicle In-Transport,2,Front-to-Front,0,No,1,Non-Junction,1,Not an Intersection,1,On Roadway,0,None,2,Dark - Not Lighted,1,Clear,0,No,0000000,Not Applicable,99,Unknown,99,Unknown,99,Unknown EMS Scene Arrival Hour,99,Unknown EMS Scene Arrival Minutes,99,Unknown,99,Unknown EMS Hospital Arrival Time,1
24,Maryland,240220,0,0,2,2,0,2,2,47,WORCESTER (47),0,NOT APPLICABLE,6,June,28,28,3,Tuesday,2022,17,5:00pm-5:59pm,15,15,SR-12,NA,3,State Highway,2,Urban,4,Minor Arterial,1,State Highway Agency,0,This section IS NOT on the NHS,0,No Special Jurisdiction,220,220,38.27798889,38.27798889,-75.52525556,-75.52525556,12,Motor Vehicle In-Transport,2,Front-to-Front,0,No,1,Non-Junction,1,Not an Intersection,1,On Roadway,0,None,1,Daylight,1,Clear,0,No,0000000,Not Applicable,99,Unknown,99,Unknown,99,Unknown EMS Scene Arrival Hour,99,Unknown EMS Scene Arrival Minutes,88,Not Applicable (Not Transported),88,Not Applicable (Not Transported),2
24,Maryland,240221,0,0,2,2,0,2,2,9,CALVERT (9),0,NOT APPLICABLE,7,July,3,3,1,Sunday,2022,21,9:00pm-9:59pm,41,41,SR-2,NA,3,State Highway,2,Urban,3,Principal Arterial - Other,1,State Highway Agency,1,This section IS ON the NHS,0,No Special Jurisdiction,96,96,38.44671667,38.44671667,-76.48144167,-76.48144167,12,Motor Vehicle In-Transport,1,Front-to-Rear,0,No,1,Non-Junction,1,Not an Intersection,1,On Roadway,0,None,2,Dark - Not Lighted,1,Clear,0,No,0000000,Not Applicable,99,Unknown,99,Unknown,99,Unknown EMS Scene Arrival Hour,99,Unknown EMS Scene Arrival Minutes,99,Unknown,99,Unknown EMS Hospital Arrival Time,1
24,Maryland,240222,0,0,3,3,0,5,5,25,HARFORD (25),0,NOT APPLICABLE,6,June,30,30,5,Thursday,2022,16,4:00pm-4:59pm,8,8,SR-23,CR-60,3,State Highway,2,Urban,4,Minor Arterial,1,State Highway Agency,0,This section IS NOT on the NHS,0,No Special Jurisdiction,4,4,39.57449167,39.57449167,-76.42360833,-76.42360833,12,Motor Vehicle In-Transport,6,Angle,0,No,2,Intersection,2,Four-Way Intersection,1,On Roadway,0,None,1,Daylight,1,Clear,0,No,0000000,Not Applicable,99,Unknown,99,Unknown,99,Unknown EMS Scene Arrival Hour,99,Unknown EMS Scene Arrival Minutes,99,Unknown,99,Unknown EMS Hospital Arrival Time,1
24,Maryland,240223,1,1,1,1,0,1,1,33,PRINCE GEORGE`S (33),0,NOT APPLICABLE,7,July,5,5,3,Tuesday,2022,22,10:00pm-10:59pm,39,39,CR-1483,NA,4,County Road,2,Urban,5,Major Collector,2,County Highway Agency,0,This section IS NOT on the NHS,0,No Special Jurisdiction,3,3,38.91877222,38.91877222,-76.86840833,-76.86840833,8,Pedestrian,0,The First Harmful Event was Not a Collision with a Motor Vehicle in Transport,0,No,1,Non-Junction,1,Not an Intersection,1,On Roadway,0,None,3,Dark - Lighted,1,Clear,0,No,0000000,Not Applicable,99,Unknown,99,Unknown,99,Unknown EMS Scene Arrival Hour,99,Unknown EMS Scene Arrival Minutes,99,Unknown,99,Unknown EMS Hospital Arrival Time,1