STATE,STATENAME,ST_CASE,PEDS,PERNOTMVIT,VE_TOTAL,VE_FORMS,PVH_INVL,PERSONS,PERMVIT,COUNTY,COUNTYNAME,CITY,CITYNAME,MONTH,MONTHNAME,DAY,DAYNAME,DAY_WEEK,DAY_WEEKNAME,YEAR,HOUR,HOURNAME,MINUTE,MINUTENAME,TWAY_ID,TWAY_ID2,ROUTE,ROUTENAME,RUR_URB,RUR_URBNAME,FUNC_SYS,FUNC_SYSNAME,RD_OWNER,RD_OWNERNAME,NHS,NHSNAME,SP_JUR,SP_JURNAME,MILEPT,MILEPTNAME,LATITUDE,LATITUDENAME,LONGITUD,LONGITUDNAME,HARM_EV,HARM_EVNAME,MAN_COLL,MAN_COLLNAME,RELJCT1,RELJCT1NAME,RELJCT2,RELJCT2NAME,TYP_INT,TYP_INTNAME,REL_ROAD,REL_ROADNAME,WRK_ZONE,WRK_ZONENAME,LGT_COND,LGT_CONDNAME,WEATHER,WEATHERNAME,SCH_BUS,SCH_BUSNAME,RAIL,RAILNAME,NOT_HOUR,NOT_HOURNAME,NOT_MIN,NOT_MINNAME,ARR_HOUR,ARR_HOURNAME,ARR_MIN,ARR_MINNAME,HOSP_HR,HOSP_HRNAME,HOSP_MN,HOSP_MNNAME,FATALS
24,Maryland,240296,0,0,1,1,0,1,1,9,CALVERT (9),0,NOT APPLICABLE,8,August,13,13,7,Saturday,2022,23,11:00pm-11:59pm,38,38,SR-2,NA,3,State Highway,2,Urban,3,Principal Arterial - Other,1,State Highway Agency,1,This section IS ON the NHS,0,No Special Jurisdiction,5,5,38.3384,38.3384,-76.4668,-76.4668,24,Guardrail Face,0,The First Harmful Event was Not a Collision with a Motor Vehicle in Transport,0,No,1,Non-Junction,1,Not an Intersection,4,On Roadside,0,None,2,Dark - Not Lighted,1,Clear,0,No,0000000,Not Applicable,99,Unknown,99,Unknown,99,Unknown EMS Scene Arrival Hour,99,Unknown EMS Scene Arrival Minutes,88,Not Applicable (Not Transported),88,Not Applicable (Not Transported),1
24,Maryland,240297,1,1,1,1,0,3,3,47,WORCESTER (47),0,NOT APPLICABLE,8,August,26,26,6,Friday,2022,23,11:00pm-11:59pm,56,56,SR-528,MU-9315,3,State Highway,2,Urban,3,Principal Arterial - Other,1,State Highway Agency,1,This section IS ON the NHS,0,No Special Jurisdiction,49,49,38.38256667,38.38256667,-75.06711111,-75.06711111,8,Pedestrian,0,The First Harmful Event was Not a Collision with a Motor Vehicle in Transport,0,No,3,Intersection-Related,2,Four-Way Intersection,1,On Roadway,0,None,3,Dark - Lighted,1,Clear,0,No,0000000,Not Applicable,99,Unknown,99,Unknown,99,Unknown EMS Scene Arrival Hour,99,Unknown EMS Scene Arrival Minutes,88,Not Applicable (Not Transported),88,Not Applicable (Not Transported),1
24,Maryland,240298,1,1,1,1,0,1,1,33,PRINCE GEORGE`S (33),0,NOT APPLICABLE,8,August,29,29,2,Monday,2022,7,7:00am-7:59am,38,38,CR-828,CR-3074,4,County Road,2,Urban,5,Major Collector,2,County Highway Agency,0,This section IS NOT on the NHS,0,No Special Jurisdiction,11,11,38.87114722,38.87114722,-76.92335556,-76.92335556,8,Pedestrian,0,The First Harmful Event was Not a Collision with a Motor Vehicle in Transport,0,No,3,Intersection-Related,3,T-Intersection,1,On Roadway,0,None,1,Daylight,1,Clear,0,No,0000000,Not Applicable,99,Unknown,99,Unknown,99,Unknown EMS Scene Arrival Hour,99,Unknown EMS Scene Arrival Minutes,99,Unknown,99,Unknown EMS Hospital Arrival Time,1
24,Maryland,240299,1,1,1,1,0,1,1,3,ANNE ARUNDEL (3),0,NOT APPLICABLE,9,September,3,3,7,Saturday,2022,21,9:00pm-9:59pm,6,6,SR-170,NA,3,State Highway,2,Urban,3,Principal Arterial - Other,1,State Highway Agency,0,This section IS NOT on the NHS,0,No Special Jurisdiction,15,15,39.10859167,39.10859167,-76.69274444,-76.69274444,8,Pedestrian,0,The First Harmful Event was Not a Collision with a Motor Vehicle in Transport,0,No,1,Non-Junction,1,Not an Intersection,1,On Roadway,0,None,3,Dark - Lighted,1,Clear,0,No,0000000,Not Applicable,99,Unknown,99,Unknown,99,Unknown EMS Scene Arrival Hour,99,Unknown EMS Scene Arrival Minutes,99,Unknown,99,Unknown EMS Hospital Arrival Time,1
24,Maryland,240300,1,1,1,1,0,1,1,33,PRINCE GEORGE`S (33),0,NOT APPLICABLE,9,September,1,1,5,Thursday,2022,23,11:00pm-11:59pm,14,14,SR-210,NA,3,State Highway,2,Urban,2,Principal Arterial - Other Freeways and Expressways,1,State Highway Agency,1,This section IS ON the NHS,0,No Special Jurisdiction,89,89,38.74788889,38.74788889,-76.99228333,-76.99228333,9,Pedalcyclist,0,The First Harmful Event was Not a Collision with a Motor Vehicle in Transport,0,No,1,Non-Junction,1,Not an Intersection,1,On Roadway,0,None,3,Dark - Lighted,1,Clear,0,No,0000000,Not Applicable,99,Unknown,99,Unknown,99,Unknown EMS Scene Arrival Hour,99,Unknown EMS Scene Arrival Minutes,99,Unknown,99,Unknown EMS Hospital Arrival Time,1
24,Maryland,240301,0,0,1,1,0,3,3,3,ANNE ARUNDEL (3),0,NOT APPLICABLE,8,August,23,23,3,Tuesday,2022,11,11:00am-11:59am,15,15,CR-3446,NA,4,County Road,2,Urban,6,Minor Collector,2,County Highway Agency,0,This section IS NOT on the NHS,0,No Special Jurisdiction,9,9,38.79075278,38.79075278,-76.53250833,-76.53250833,1,Rollover/Overturn,0,The First Harmful Event was Not a Collision with a Motor Vehicle in Transport,0,No,1,Non-Junction,1,Not an Intersection,4,On Roadside,0,None,1,Daylight,1,Clear,0,No,0000000,Not Applicable,99,Unknown,99,Unknown,99,Unknown EMS Scene Arrival Hour,99,Unknown EMS Scene Arrival Minutes,99,Unknown,99,Unknown EMS Hospital Arrival Time,1
24,Maryland,240302,0,0,2,2,0,1,1,5,BALTIMORE (5),0,NOT APPLICABLE,9,September,2,2,6,Friday,2022,21,9:00pm-9:59pm,3,3,I-695,NA,1,Interstate,2,Urban,1,Interstate,1,State Highway Agency,1,This section IS ON the NHS,0,No Special Jurisdiction,142,142,39.39301111,39.39301111,-76.70601111,-76.70601111,12,Motor Vehicle In-Transport,1,Front-to-Rear,0,No,1,Non-Junction,1,Not an Intersection,2,On Shoulder,0,None,3,Dark - Lighted,10,Cloudy,0,No,0000000,Not Applicable,99,Unknown,99,Unknown,99,Unknown EMS Scene Arrival Hour,99,Unknown EMS Scene Arrival Minutes,88,Not Applicable (Not Transported),88,Not Applicable (Not Transported),1
24,Maryland,240303,0,0,4,4,0,6,6,5,BALTIMORE (5),0,NOT APPLICABLE,5,May,3,3,3,Tuesday,2022,17,5:00pm-5:59pm,45,45,CR-4095,SR-7,4,County Road,2,Urban,4,Minor Arterial,2,County Highway Agency,0,This section IS NOT on the NHS,0,No Special Jurisdiction,0,None,39.38368889,39.38368889,-76.43223333,-76.43223333,12,Motor Vehicle In-Transport,1,Front-to-Rear,0,No,3,Intersection-Related,2,Four-Way Intersection,1,On Roadway,0,None,1,Daylight,1,Clear,0,No,0000000,Not Applicable,99,Unknown,99,Unknown,99,Unknown EMS Scene Arrival Hour,99,Unknown EMS Scene Arrival Minutes,99,Unknown,99,Unknown EMS Hospital Arrival Time,1
24,Maryland,240304,0,0,2,2,0,3,3,41,TALBOT (41),0,NOT APPLICABLE,9,September,4,4,1,Sunday,2022,16,4:00pm-4:59pm,14,14,US-50,MDSP BARRACK I,2,US Highway,2,Urban,3,Principal Arterial - Other,1,State Highway Agency,1,This section IS ON the NHS,0,No Special Jurisdiction,136,136,38.75893889,38.75893889,-76.06223056,-76.06223056,1,Rollover/Overturn,0,The First Harmful Event was Not a Collision with a Motor Vehicle in Transport,0,No,3,Intersection-Related,2,Four-Way Intersection,1,On Roadway,0,None,1,Daylight,1,Clear,0,No,0000000,Not Applicable,99,Unknown,99,Unknown,99,Unknown EMS Scene Arrival Hour,99,Unknown EMS Scene Arrival Minutes,88,Not Applicable (Not Transported),88,Not Applicable (Not Transported),1
24,Maryland,240305,0,0,1,1,0,1,1,27,HOWARD (27),0,NOT APPLICABLE,8,August,29,29,2,Monday,2022,10,10:00am-10:59am,41,41,US-1,NA,2,US Highway,2,Urban,3,Principal Arterial - Other,1,State Highway Agency,1,This section IS ON the NHS,0,No Special Jurisdiction,31,31,39.14111111,39.14111111,-76.81125,-76.81125,33,Curb,0,The First Harmful Event was Not a Collision with a Motor Vehicle in Transport,1,Yes,5,Entrance/Exit Ramp Related,1,Not an Intersection,4,On Roadside,0,None,1,Daylight,1,Clear,0,No,0000000,Not Applicable,99,Unknown,99,Unknown,99,Unknown EMS Scene Arrival Hour,99,Unknown EMS Scene Arrival Minutes,99,Unknown,99,Unknown EMS Hospital Arrival Time,1
24,Maryland,240306,0,0,2,2,0,3,3,25,HARFORD (25),0,NOT APPLICABLE,8,August,24,24,4,Wednesday,2022,14,2:00pm-2:59pm,9,9,SR-22,CR-1036,3,State Highway,2,Urban,3,Principal Arterial - Other,1,State Highway Agency,1,This section IS ON the NHS,0,No Special Jurisdiction,15,15,39.54445556,39.54445556,-76.32388889,-76.32388889,12,Motor Vehicle In-Transport,6,Angle,0,No,2,Intersection,2,Four-Way Intersection,1,On Roadway,0,None,1,Daylight,1,Clear,0,No,0000000,Not Applicable,99,Unknown,99,Unknown,99,Unknown EMS Scene Arrival Hour,99,Unknown EMS Scene Arrival Minutes,99,Unknown,99,Unknown EMS Hospital Arrival Time,1
24,Maryland,240307,0,0,2,2,0,3,3,33,PRINCE GEORGE`S (33),0,NOT APPLICABLE,9,September,4,4,1,Sunday,2022,3,3:00am-3:59am,11,11,CR-99,NA,4,County Road,2,Urban,5,Major Collector,2,County Highway Agency,0,This section IS NOT on the NHS,0,No Special Jurisdiction,13,13,38.84229167,38.84229167,-76.77902778,-76.77902778,12,Motor Vehicle In-Transport,2,Front-to-Front,0,No,1,Non-Junction,1,Not an Intersection,1,On Roadway,0,None,2,Dark - Not Lighted,1,Clear,0,No,0000000,Not Applicable,99,Unknown,99,Unknown,99,Unknown EMS Scene Arrival Hour,99,Unknown EMS Scene Arrival Minutes,99,Unknown,99,Unknown EMS Hospital Arrival Time,1
24,Maryland,240308,1,1,1,1,0,1,1,510,BALTIMORE (CITY) (510),50,BALTIMORE,4,April,13,13,4,Wednesday,2022,16,4:00pm-4:59pm,10,10,US-1,NA,2,US Highway,2,Urban,3,Principal Arterial - Other,1,State Highway Agency,1,This section IS ON the NHS,0,No Special Jurisdiction,97,97,39.33274722,39.33274722,-76.55930556,-76.55930556,8,Pedestrian,0,The First Harmful Event was Not a Collision with a Motor Vehicle in Transport,0,No,1,Non-Junction,1,Not an Intersection,1,On Roadway,0,None,1,Daylight,10,Cloudy,0,No,0000000,Not Applicable,99,Unknown,99,Unknown,99,Unknown EMS Scene Arrival Hour,99,Unknown EMS Scene Arrival Minutes,99,Unknown,99,Unknown EMS Hospital Arrival Time,1
24,Maryland,240309,0,0,2,2,0,2,2,27,HOWARD (27),0,NOT APPLICABLE,8,August,26,26,6,Friday,2022,22,10:00pm-10:59pm,38,38,US-1,NA,2,US Highway,2,Urban,3,Principal Arterial - Other,1,State Highway Agency,1,This section IS ON the NHS,0,No Special Jurisdiction,67,67,39.18041944,39.18041944,-76.76895,-76.76895,12,Motor Vehicle In-Transport,8,Sideswipe - Opposite Direction,1,Yes,8,Driveway Access Related,1,Not an Intersection,1,On Roadway,0,None,2,Dark - Not Lighted,1,Clear,0,No,0000000,Not Applicable,99,Unknown,99,Unknown,99,Unknown EMS Scene Arrival Hour,99,Unknown EMS Scene Arrival Minutes,99,Unknown,99,Unknown EMS Hospital Arrival Time,1
24,Maryland,240310,0,0,1,1,0,2,2,27,HOWARD (27),0,NOT APPLICABLE,9,September,7,7,4,Wednesday,2022,21,9:00pm-9:59pm,44,44,SR-144A,NA,3,State Highway,2,Urban,7,Local,1,State Highway Agency,0,This section IS NOT on the NHS,0,No Special Jurisdiction,46,46,39.33256944,39.33256944,-77.0562,-77.0562,42,Tree (Standing Only),0,The First Harmful Event was Not a Collision with a Motor Vehicle in Transport,0,No,1,Non-Junction,1,Not an Intersection,4,On Roadside,0,None,2,Dark - Not Lighted,10,Cloudy,0,No,0000000,Not Applicable,99,Unknown,99,Unknown,99,Unknown EMS Scene Arrival Hour,99,Unknown EMS Scene Arrival Minutes,99,Unknown,99,Unknown EMS Hospital Arrival Time,1
24,Maryland,240311,0,0,2,2,0,2,2,21,FREDERICK (21),0,NOT APPLICABLE,9,September,11,11,1,Sunday,2022,7,7:00am-7:59am,16,16,I-70,NA,1,Interstate,2,Urban,1,Interstate,1,State Highway Agency,1,This section IS ON the NHS,0,No Special Jurisdiction,256,256,39.37553889,39.37553889,-77.23269722,-77.23269722,24,Guardrail Face,0,The First Harmful Event was Not a Collision with a Motor Vehicle in Transport,0,No,1,Non-Junction,1,Not an Intersection,3,On Median,0,None,4,Dawn,2,Rain,0,No,0000000,Not Applicable,99,Unknown,99,Unknown,99,Unknown EMS Scene Arrival Hour,99,Unknown EMS Scene Arrival Minutes,99,Unknown,99,Unknown EMS Hospital Arrival Time,1
24,Maryland,240312,1,1,3,3,0,6,6,3,ANNE ARUNDEL (3),0,NOT APPLICABLE,9,September,11,11,1,Sunday,2022,20,8:00pm-8:59pm,6,6,SR-174,NA,3,State Highway,2,Urban,4,Minor Arterial,1,State Highway Agency,0,This section IS NOT on the NHS,0,No Special Jurisdiction,23,23,39.13676389,39.13676389,-76.68717778,-76.68717778,8,Pedestrian,0,The First Harmful Event was Not a Collision with a Motor Vehicle in Transport,0,No,1,Non-Junction,1,Not an Intersection,1,On Roadway,0,None,3,Dark - Lighted,2,Rain,0,No,0000000,Not Applicable,99,Unknown,99,Unknown,99,Unknown EMS Scene Arrival Hour,99,Unknown EMS Scene Arrival Minutes,88,Not Applicable (Not Transported),88,Not Applicable (Not Transported),1
24,Maryland,240313,0,0,1,1,0,1,1,17,CHARLES (17),0,NOT APPLICABLE,9,September,12,12,2,Monday,2022,4,4:00am-4:59am,22,22,SR-488,NA,3,State Highway,2,Urban,5,Major Collector,1,State Highway Agency,0,This section IS NOT on the NHS,0,No Special Jurisdiction,26,26,38.54515278,38.54515278,-76.91478333,-76.91478333,24,Guardrail Face,0,The First Harmful Event was Not a Collision with a Motor Vehicle in Transport,0,No,1,Non-Junction,1,Not an Intersection,4,On Roadside,0,None,2,Dark - Not Lighted,1,Clear,0,No,0000000,Not Applicable,99,Unknown,99,Unknown,99,Unknown EMS Scene Arrival Hour,99,Unknown EMS Scene Arrival Minutes,88,Not Applicable (Not Transported),88,Not Applicable (Not Transported),1
24,Maryland,240314,1,1,1,1,0,1,1,25,HARFORD (25),0,NOT APPLICABLE,9,September,14,14,4,Wednesday,2022,22,10:00pm-10:59pm,12,12,SR-7A,NA,3,State Highway,2,Urban,4,Minor Arterial,1,State Highway Agency,0,This section IS NOT on the NHS,0,No Special Jurisdiction,2,2,39.53768611,39.53768611,-76.11066667,-76.11066667,15,Non-Motorist on Personal Conveyance,0,The First Harmful Event was Not a Collision with a Motor Vehicle in Transport,0,No,1,Non-Junction,1,Not an Intersection,1,On Roadway,0,None,2,Dark - Not Lighted,1,Clear,0,No,0000000,Not Applicable,99,Unknown,99,Unknown,99,Unknown EMS Scene Arrival Hour,99,Unknown EMS Scene Arrival Minutes,99,Unknown,99,Unknown EMS Hospital Arrival Time,1
24,Maryland,240315,0,1,2,1,1,2,1,27,HOWARD (27),0,NOT APPLICABLE,9,September,7,7,4,Wednesday,2022,4,4:00am-4:59am,38,38,I-95,NA,1,Interstate,2,Urban,1,Interstate,1,State Highway Agency,1,This section IS ON the NHS,0,No Special Jurisdiction,21,21,39.13633611,39.13633611,-76.85041389,-76.85041389,14,Parked Motor Vehicle,0,The First Harmful Event was Not a Collision with a Motor Vehicle in Transport,0,No,1,Non-Junction,1,Not an Intersection,2,On Shoulder,0,None,6,Dark - Unknown Lighting,2,Rain,0,No,0000000,Not Applicable,99,Unknown,99,Unknown,99,Unknown EMS Scene Arrival Hour,99,Unknown EMS Scene Arrival Minutes,88,Not Applicable (Not Transported),88,Not Applicable (Not Transported),1
24,Maryland,240316,0,0,1,1,0,1,1,3,ANNE ARUNDEL (3),0,NOT APPLICABLE,9,September,11,11,1,Sunday,2022,5,5:00am-5:59am,56,56,SR-295,NA,3,State Highway,2,Urban,2,Principal Arterial - Other Freeways and Expressways,1,State Highway Agency,1,This section IS ON the NHS,1,National Park Service,146,146,39.22393056,39.22393056,-76.65222222,-76.65222222,24,Guardrail Face,0,The First Harmful Event was Not a Collision with a Motor Vehicle in Transport,0,No,1,Non-Junction,1,Not an Intersection,4,On Roadside,0,None,2,Dark - Not Lighted,2,Rain,0,No,0000000,Not Applicable,99,Unknown,99,Unknown,99,Unknown EMS Scene Arrival Hour,99,Unknown EMS Scene Arrival Minutes,88,Not Applicable (Not Transported),88,Not Applicable (Not Transported),1
24,Maryland,240317,0,0,1,1,0,2,2,33,PRINCE GEORGE`S (33),0,NOT APPLICABLE,9,September,10,10,7,Saturday,2022,22,10:00pm-10:59pm,16,16,SR-5,NA,3,State Highway,2,Urban,2,Principal Arterial - Other Freeways and Expressways,1,State Highway Agency,1,This section IS ON the NHS,0,No Special Jurisdiction,66,66,38.74086944,38.74086944,-76.87906944,-76.87906944,35,Embankment,0,The First Harmful Event was Not a Collision with a Motor Vehicle in Transport,0,No,1,Non-Junction,1,Not an Intersection,3,On Median,0,None,2,Dark - Not Lighted,1,Clear,0,No,0000000,Not Applicable,99,Unknown,99,Unknown,99,Unknown EMS Scene Arrival Hour,99,Unknown EMS Scene Arrival Minutes,99,Unknown,99,Unknown EMS Hospital Arrival Time,1
24,Maryland,240318,0,0,2,2,0,3,3,47,WORCESTER (47),0,NOT APPLICABLE,9,September,15,15,5,Thursday,2022,16,4:00pm-4:59pm,40,40,US-50,SR-610,2,US Highway,2,Urban,3,Principal Arterial - Other,1,State Highway Agency,1,This section IS ON the NHS,0,No Special Jurisdiction,8,8,38.38564722,38.38564722,-75.31107222,-75.31107222,12,Motor Vehicle In-Transport,11,Other,0,No,2,Intersection,3,T-Intersection,1,On Roadway,0,None,1,Daylight,1,Clear,0,No,0000000,Not Applicable,99,Unknown,99,Unknown,99,Unknown EMS Scene Arrival Hour,99,Unknown EMS Scene Arrival Minutes,99,Unknown,99,Unknown EMS Hospital Arrival Time,1
24,Maryland,240319,0,0,1,1,0,1,1,5,BALTIMORE (5),0,NOT APPLICABLE,9,September,17,17,7,Saturday,2022,16,4:00pm-4:59pm,30,30,I-695,NA,1,Interstate,2,Urban,1,Interstate,1,State Highway Agency,1,This section IS ON the NHS,0,No Special Jurisdiction,32,32,39.31054167,39.31054167,-76.50278889,-76.50278889,50,Bridge Overhead Structure,0,The First Harmful Event was Not a Collision with a Motor Vehicle in Transport,0,No,1,Non-Junction,1,Not an Intersection,4,On Roadside,0,None,1,Daylight,1,Clear,0,No,0000000,Not Applicable,99,Unknown,99,Unknown,99,Unknown EMS Scene Arrival Hour,99,Unknown EMS Scene Arrival Minutes,99,Unknown,99,Unknown EMS Hospital Arrival Time,1
24,Maryland,240320,0,0,1,1,0,2,2,11,CAROLINE (11),0,NOT APPLICABLE,9,September,18,18,1,Sunday,2022,18,6:00pm-6:59pm,40,40,CR-46,NA,4,County Road,1,Rural,6,Minor Collector,2,County Highway Agency,0,This section IS NOT on the NHS,0,No Special Jurisdiction,10,10,38.99529167,38.99529167,-75.78155833,-75.78155833,52,Guardrail End,0,The First Harmful Event was Not a Collision with a Motor Vehicle in Transport,0,No,1,Non-Junction,1,Not an Intersection,4,On Roadside,0,None,5,Dusk,1,Clear,0,No,0000000,Not Applicable,99,Unknown,99,Unknown,99,Unknown EMS Scene Arrival Hour,99,Unknown EMS Scene Arrival Minutes,99,Unknown,99,Unknown EMS Hospital Arrival Time,2
24,Maryland,240321,0,0,3,3,0,3,3,5,BALTIMORE (5),0,NOT APPLICABLE,9,September,16,16,6,Friday,2022,0,0:00am-0:59am,51,51,I-695,NA,1,Interstate,2,Urban,1,Interstate,1,State Highway Agency,1,This section IS ON the NHS,0,No Special Jurisdiction,50,50,39.28304167,39.28304167,-76.73343333,-76.73343333,12,Motor Vehicle In-Transport,6,Angle,0,No,1,Non-Junction,1,Not an Intersection,1,On Roadway,0,None,3,Dark - Lighted,1,Clear,0,No,0000000,Not Applicable,99,Unknown,99,Unknown,99,Unknown EMS Scene Arrival Hour,99,Unknown EMS Scene Arrival Minutes,88,Not Applicable (Not Transported),88,Not Applicable (Not Transported),1
24,Maryland,240322,0,0,1,1,0,1,1,3,ANNE ARUNDEL (3),0,NOT APPLICABLE,9,September,21,21,4,Wednesday,2022,4,4:00am-4:59am,30,30,CR-1350,NA,4,County Road,2,Urban,5,Major Collector,2,County Highway Agency,0,This section IS NOT on the NHS,0,No Special Jurisdiction,5,5,39.11808889,39.11808889,-76.628025,-76.628025,42,Tree (Standing Only),0,The First Harmful Event was Not a Collision with a Motor Vehicle in Transport,0,No,1,Non-Junction,1,Not an Intersection,4,On Roadside,0,None,6,Dark - Unknown Lighting,1,Clear,0,No,0000000,Not Applicable,99,Unknown,99,Unknown,99,Unknown EMS Scene Arrival Hour,99,Unknown EMS Scene Arrival Minutes,88,Not Applicable (Not Transported),88,Not Applicable (Not Transported),1
24,Maryland,240323,0,0,2,2,0,1,1,45,WICOMICO (45),0,NOT APPLICABLE,9,September,16,16,6,Friday,2022,7,7:00am-7:59am,43,43,CR-1302,NA,4,County Road,2,Urban,5,Major Collector,2,County Highway Agency,0,This section IS NOT on the NHS,0,No Special Jurisdiction,0,None,38.33615,38.33615,-75.68844444,-75.68844444,12,Motor Vehicle In-Transport,1,Front-to-Rear,0,No,1,Non-Junction,1,Not an Intersection,1,On Roadway,0,None,4,Dawn,1,Clear,0,No,0000000,Not Applicable,99,Unknown,99,Unknown,99,Unknown EMS Scene Arrival Hour,99,Unknown EMS Scene Arrival Minutes,99,Unknown,99,Unknown EMS Hospital Arrival Time,1
24,Maryland,240324,1,1,1,1,0,1,1,510,BALTIMORE (CITY) (510),50,BALTIMORE,8,August,29,29,2,Monday,2022,23,11:00pm-11:59pm,31,31,I-895,NA,1,Interstate,2,Urban,1,Interstate,1,State Highway Agency,1,This section IS ON the NHS,0,No Special Jurisdiction,5,5,39.28726111,39.28726111,-76.55362778,-76.55362778,8,Pedestrian,0,The First Harmful Event was Not a Collision with a Motor Vehicle in Transport,0,No,1,Non-Junction,1,Not an Intersection,1,On Roadway,0,None,3,Dark - Lighted,98,Not Reported,0,No,0000000,Not Applicable,99,Unknown,99,Unknown,99,Unknown EMS Scene Arrival Hour,99,Unknown EMS Scene Arrival Minutes,88,Not Applicable (Not Transported),88,Not Applicable (Not Transported),1
24,Maryland,240325,1,1,1,1,0,1,1,5,BALTIMORE (5),0,NOT APPLICABLE,4,April,8,8,6,Friday,2022,1,1:00am-1:59am,7,7,SR-26,NA,3,State Highway,2,Urban,3,Principal Arterial - Other,1,State Highway Agency,0,This section IS NOT on the NHS,0,No Special Jurisdiction,65,65,39.36234444,39.36234444,-76.78133889,-76.78133889,8,Pedestrian,0,The First Harmful Event was Not a Collision with a Motor Vehicle in Transport,0,No,1,Non-Junction,1,Not an Intersection,1,On Roadway,0,None,3,Dark - Lighted,1,Clear,0,No,0000000,Not Applicable,99,Unknown,99,Unknown,99,Unknown EMS Scene Arrival Hour,99,Unknown EMS Scene Arrival Minutes,99,Unknown,99,Unknown EMS Hospital Arrival Time,1
24,Maryland,240326,0,0,2,2,0,2,2,25,HARFORD (25),0,NOT APPLICABLE,9,September,23,23,6,Friday,2022,23,11:00pm-11:59pm,50,50,SR-155,NA,3,State Highway,2,Urban,3,Principal Arterial - Other,1,State Highway Agency,0,This section IS NOT on the NHS,0,No Special Jurisdiction,70,70,39.56745556,39.56745556,-76.12984722,-76.12984722,35,Embankment,0,The First Harmful Event was Not a Collision with a Motor Vehicle in Transport,0,No,1,Non-Junction,1,Not an Intersection,4,On Roadside,0,None,3,Dark - Lighted,1,Clear,0,No,0000000,Not Applicable,99,Unknown,99,Unknown,99,Unknown EMS Scene Arrival Hour,99,Unknown EMS Scene Arrival Minutes,88,Not Applicable (Not Transported),88,Not Applicable (Not Transported),1
24,Maryland,240327,0,0,2,2,0,3,3,31,MONTGOMERY (31),0,NOT APPLICABLE,9,September,18,18,1,Sunday,2022,3,3:00am-3:59am,43,43,I-270,NA,1,Interstate,2,Urban,1,Interstate,1,State Highway Agency,1,This section IS ON the NHS,0,No Special Jurisdiction,28,28,39.04751111,39.04751111,-77.15046111,-77.15046111,12,Motor Vehicle In-Transport,1,Front-to-Rear,0,No,1,Non-Junction,1,Not an Intersection,1,On Roadway,0,None,3,Dark - Lighted,1,Clear,0,No,0000000,Not Applicable,99,Unknown,99,Unknown,99,Unknown EMS Scene Arrival Hour,99,Unknown EMS Scene Arrival Minutes,99,Unknown,99,Unknown EMS Hospital Arrival Time,1
24,Maryland,240328,0,0,2,2,0,2,2,5,BALTIMORE (5),0,NOT APPLICABLE,6,June,16,16,5,Thursday,2022,22,10:00pm-10:59pm,10,10,US-1,NA,2,US Highway,2,Urban,3,Principal Arterial - Other,1,State Highway Agency,1,This section IS ON the NHS,0,No Special Jurisdiction,5,5,39.22365,39.22365,-76.69894722,-76.69894722,12,Motor Vehicle In-Transport,1,Front-to-Rear,0,No,1,Non-Junction,1,Not an Intersection,1,On Roadway,4,"Work Zone, Type Unknown",3,Dark - Lighted,1,Clear,0,No,0000000,Not Applicable,99,Unknown,99,Unknown,99,Unknown EMS Scene Arrival Hour,99,Unknown EMS Scene Arrival Minutes,88,Not Applicable (Not Transported),88,Not Applicable (Not Transported),1
24,Maryland,240329,0,0,2,2,0,3,3,31,MONTGOMERY (31),0,NOT APPLICABLE,8,August,5,5,6,Friday,2022,16,4:00pm-4:59pm,35,35,CR-1659,NA,4,County Road,2,Urban,3,Principal Arterial - Other,2,County Highway Agency,0,This section IS NOT on the NHS,0,No Special Jurisdiction,53,53,39.06666111,39.06666111,-77.01966111,-77.01966111,12,Motor Vehicle In-Transport,6,Angle,0,No,8,Driveway Access Related,1,Not an Intersection,1,On Roadway,0,None,1,Daylight,1,Clear,0,No,0000000,Not Applicable,99,Unknown,99,Unknown,99,Unknown EMS Scene Arrival Hour,99,Unknown EMS Scene Arrival Minutes,99,Unknown,99,Unknown EMS Hospital Arrival Time,1
24,Maryland,240331,1,1,2,2,0,3,3,27,HOWARD (27),0,NOT APPLICABLE,9,September,25,25,1,Sunday,2022,3,3:00am-3:59am,5,5,SR-175,NA,3,State Highway,2,Urban,4,Minor Arterial,1,State Highway Agency,0,This section IS NOT on the NHS,0,No Special Jurisdiction,27,27,39.18260833,39.18260833,-76.79439167,-76.79439167,9,Pedalcyclist,0,The First Harmful Event was Not a Collision with a Motor Vehicle in Transport,0,No,1,Non-Junction,1,Not an Intersection,1,On Roadway,0,None,3,Dark - Lighted,1,Clear,0,No,0000000,Not Applicable,99,Unknown,99,Unknown,99,Unknown EMS Scene Arrival Hour,99,Unknown EMS Scene Arrival Minutes,88,Not Applicable (Not Transported),88,Not Applicable (Not Transported),1
24,Maryland,240332,0,0,5,5,0,5,5,3,ANNE ARUNDEL (3),0,NOT APPLICABLE,9,September,19,19,2,Monday,2022,23,11:00pm-11:59pm,12,12,SR-100,NA,3,State Highway,2,Urban,2,Principal Arterial - Other Freeways and Expressways,1,State Highway Agency,1,This section IS ON the NHS,0,No Special Jurisdiction,82,82,39.14060833,39.14060833,-76.62589722,-76.62589722,12,Motor Vehicle In-Transport,2,Front-to-Front,0,No,1,Non-Junction,1,Not an Intersection,1,On Roadway,0,None,2,Dark - Not Lighted,1,Clear,0,No,0000000,Not Applicable,99,Unknown,99,Unknown,99,Unknown EMS Scene Arrival Hour,99,Unknown EMS Scene Arrival Minutes,99,Unknown,99,Unknown EMS Hospital Arrival Time,1