STATE,STATENAME,ST_CASE,PEDS,PERNOTMVIT,VE_TOTAL,VE_FORMS,PVH_INVL,PERSONS,PERMVIT,COUNTY,COUNTYNAME,CITY,CITYNAME,MONTH,MONTHNAME,DAY,DAYNAME,DAY_WEEK,DAY_WEEKNAME,YEAR,HOUR,HOURNAME,MINUTE,MINUTENAME,TWAY_ID,TWAY_ID2,ROUTE,ROUTENAME,RUR_URB,RUR_URBNAME,FUNC_SYS,FUNC_SYSNAME,RD_OWNER,RD_OWNERNAME,NHS,NHSNAME,SP_JUR,SP_JURNAME,MILEPT,MILEPTNAME,LATITUDE,LATITUDENAME,LONGITUD,LONGITUDNAME,HARM_EV,HARM_EVNAME,MAN_COLL,MAN_COLLNAME,RELJCT1,RELJCT1NAME,RELJCT2,RELJCT2NAME,TYP_INT,TYP_INTNAME,REL_ROAD,REL_ROADNAME,WRK_ZONE,WRK_ZONENAME,LGT_COND,LGT_CONDNAME,WEATHER,WEATHERNAME,SCH_BUS,SCH_BUSNAME,RAIL,RAILNAME,NOT_HOUR,NOT_HOURNAME,NOT_MIN,NOT_MINNAME,ARR_HOUR,ARR_HOURNAME,ARR_MIN,ARR_MINNAME,HOSP_HR,HOSP_HRNAME,HOSP_MN,HOSP_MNNAME,FATALS
24,Maryland,240441,0,0,2,2,0,2,2,21,FREDERICK (21),0,NOT APPLICABLE,12,December,6,6,3,Tuesday,2022,6,6:00am-6:59am,36,36,SR-26,MU-998,3,State Highway,2,Urban,3,Principal Arterial - Other,1,State Highway Agency,0,This section IS NOT on the NHS,0,No Special Jurisdiction,11,11,39.44847778,39.44847778,-77.38626667,-77.38626667,12,Motor Vehicle In-Transport,6,Angle,0,No,2,Intersection,2,Four-Way Intersection,1,On Roadway,0,None,3,Dark - Lighted,1,Clear,0,No,0000000,Not Applicable,99,Unknown,99,Unknown,99,Unknown EMS Scene Arrival Hour,99,Unknown EMS Scene Arrival Minutes,88,Not Applicable (Not Transported),88,Not Applicable (Not Transported),1
24,Maryland,240442,0,0,2,2,0,2,2,25,HARFORD (25),0,NOT APPLICABLE,12,December,7,7,4,Wednesday,2022,8,8:00am-8:59am,41,41,I-95,NA,1,Interstate,2,Urban,1,Interstate,1,State Highway Agency,1,This section IS ON the NHS,0,No Special Jurisdiction,45,45,39.45836667,39.45836667,-76.30653056,-76.30653056,12,Motor Vehicle In-Transport,1,Front-to-Rear,0,No,1,Non-Junction,1,Not an Intersection,1,On Roadway,0,None,1,Daylight,5,"Fog, Smog, Smoke",0,No,0000000,Not Applicable,99,Unknown,99,Unknown,99,Unknown EMS Scene Arrival Hour,99,Unknown EMS Scene Arrival Minutes,88,Not Applicable (Not Transported),88,Not Applicable (Not Transported),1
24,Maryland,240443,1,1,1,1,0,1,1,27,HOWARD (27),0,NOT APPLICABLE,12,December,13,13,3,Tuesday,2022,19,7:00pm-7:59pm,18,18,SR-27,NA,3,State Highway,2,Urban,3,Principal Arterial - Other,1,State Highway Agency,1,This section IS ON the NHS,0,No Special Jurisdiction,12,12,39.34483333,39.34483333,-77.18061667,-77.18061667,8,Pedestrian,0,The First Harmful Event was Not a Collision with a Motor Vehicle in Transport,0,No,1,Non-Junction,1,Not an Intersection,1,On Roadway,0,None,2,Dark - Not Lighted,98,Not Reported,0,No,0000000,Not Applicable,99,Unknown,99,Unknown,99,Unknown EMS Scene Arrival Hour,99,Unknown EMS Scene Arrival Minutes,88,Not Applicable (Not Transported),88,Not Applicable (Not Transported),1
24,Maryland,240444,0,0,1,1,0,1,1,33,PRINCE GEORGE`S (33),0,NOT APPLICABLE,11,November,7,7,2,Monday,2022,0,0:00am-0:59am,0,0,US-301,NA,2,US Highway,2,Urban,3,Principal Arterial - Other,1,State Highway Agency,1,This section IS ON the NHS,0,No Special Jurisdiction,81,81,38.753575,38.753575,-76.81177222,-76.81177222,42,Tree (Standing Only),0,The First Harmful Event was Not a Collision with a Motor Vehicle in Transport,0,No,1,Non-Junction,1,Not an Intersection,4,On Roadside,0,None,6,Dark - Unknown Lighting,1,Clear,0,No,0000000,Not Applicable,99,Unknown,99,Unknown,99,Unknown EMS Scene Arrival Hour,99,Unknown EMS Scene Arrival Minutes,88,Not Applicable (Not Transported),88,Not Applicable (Not Transported),1
24,Maryland,240445,1,1,1,1,0,1,1,33,PRINCE GEORGE`S (33),0,NOT APPLICABLE,12,December,1,1,5,Thursday,2022,3,3:00am-3:59am,55,55,SR-5,NA,3,State Highway,2,Urban,5,Major Collector,1,State Highway Agency,0,This section IS NOT on the NHS,0,No Special Jurisdiction,132,132,38.8314,38.8314,-76.9362,-76.9362,8,Pedestrian,0,The First Harmful Event was Not a Collision with a Motor Vehicle in Transport,0,No,1,Non-Junction,1,Not an Intersection,1,On Roadway,0,None,2,Dark - Not Lighted,1,Clear,0,No,0000000,Not Applicable,99,Unknown,99,Unknown,99,Unknown EMS Scene Arrival Hour,99,Unknown EMS Scene Arrival Minutes,88,Not Applicable (Not Transported),88,Not Applicable (Not Transported),1
24,Maryland,240446,1,1,1,1,0,1,1,33,PRINCE GEORGE`S (33),0,NOT APPLICABLE,12,December,3,3,7,Saturday,2022,20,8:00pm-8:59pm,53,53,SR-5,NA,3,State Highway,2,Urban,2,Principal Arterial - Other Freeways and Expressways,1,State Highway Agency,1,This section IS ON the NHS,0,No Special Jurisdiction,107,107,38.80363333,38.80363333,-76.90514444,-76.90514444,8,Pedestrian,0,The First Harmful Event was Not a Collision with a Motor Vehicle in Transport,0,No,1,Non-Junction,1,Not an Intersection,1,On Roadway,0,None,3,Dark - Lighted,1,Clear,0,No,0000000,Not Applicable,99,Unknown,99,Unknown,99,Unknown EMS Scene Arrival Hour,99,Unknown EMS Scene Arrival Minutes,88,Not Applicable (Not Transported),88,Not Applicable (Not Transported),1
24,Maryland,240447,1,1,1,1,0,1,1,5,BALTIMORE (5),0,NOT APPLICABLE,1,January,5,5,4,Wednesday,2022,20,8:00pm-8:59pm,30,30,US-1,NA,2,US Highway,2,Urban,3,Principal Arterial - Other,1,State Highway Agency,1,This section IS ON the NHS,0,No Special Jurisdiction,162,162,39.36152778,39.36152778,-76.52318056,-76.52318056,8,Pedestrian,0,The First Harmful Event was Not a Collision with a Motor Vehicle in Transport,0,No,1,Non-Junction,1,Not an Intersection,1,On Roadway,0,None,3,Dark - Lighted,1,Clear,0,No,0000000,Not Applicable,99,Unknown,99,Unknown,99,Unknown EMS Scene Arrival Hour,99,Unknown EMS Scene Arrival Minutes,99,Unknown,99,Unknown EMS Hospital Arrival Time,1
24,Maryland,240448,1,1,1,1,0,1,1,33,PRINCE GEORGE`S (33),0,NOT APPLICABLE,12,December,17,17,7,Saturday,2022,0,0:00am-0:59am,43,43,SR-201,NA,3,State Highway,2,Urban,3,Principal Arterial - Other,1,State Highway Agency,1,This section IS ON the NHS,0,No Special Jurisdiction,36,36,38.957325,38.957325,-76.92159167,-76.92159167,8,Pedestrian,0,The First Harmful Event was Not a Collision with a Motor Vehicle in Transport,0,No,1,Non-Junction,1,Not an Intersection,1,On Roadway,0,None,3,Dark - Lighted,10,Cloudy,0,No,0000000,Not Applicable,99,Unknown,99,Unknown,99,Unknown EMS Scene Arrival Hour,99,Unknown EMS Scene Arrival Minutes,99,Unknown,99,Unknown EMS Hospital Arrival Time,1
24,Maryland,240449,0,0,2,2,0,3,3,510,BALTIMORE (CITY) (510),0,NOT APPLICABLE,12,December,15,15,5,Thursday,2022,20,8:00pm-8:59pm,46,46,SR-695,NA,3,State Highway,2,Urban,2,Principal Arterial - Other Freeways and Expressways,1,State Highway Agency,1,This section IS ON the NHS,0,No Special Jurisdiction,9,9,39.21031944,39.21031944,-76.53790278,-76.53790278,12,Motor Vehicle In-Transport,2,Front-to-Front,0,No,1,Non-Junction,1,Not an Intersection,1,On Roadway,0,None,3,Dark - Lighted,2,Rain,0,No,0000000,Not Applicable,99,Unknown,99,Unknown,99,Unknown EMS Scene Arrival Hour,99,Unknown EMS Scene Arrival Minutes,99,Unknown,99,Unknown EMS Hospital Arrival Time,1
24,Maryland,240450,0,0,1,1,0,2,2,3,ANNE ARUNDEL (3),0,NOT APPLICABLE,12,December,11,11,1,Sunday,2022,12,12:00pm-12:59pm,27,27,SR-450,NA,3,State Highway,2,Urban,5,Major Collector,1,State Highway Agency,0,This section IS NOT on the NHS,0,No Special Jurisdiction,48,48,38.98370833,38.98370833,-76.61115833,-76.61115833,24,Guardrail Face,0,The First Harmful Event was Not a Collision with a Motor Vehicle in Transport,0,No,1,Non-Junction,1,Not an Intersection,4,On Roadside,0,None,1,Daylight,10,Cloudy,0,No,0000000,Not Applicable,99,Unknown,99,Unknown,99,Unknown EMS Scene Arrival Hour,99,Unknown EMS Scene Arrival Minutes,99,Unknown,99,Unknown EMS Hospital Arrival Time,1
24,Maryland,240451,0,0,1,1,0,2,2,19,DORCHESTER (19),0,NOT APPLICABLE,11,November,28,28,2,Monday,2022,20,8:00pm-8:59pm,16,16,MU-903,NA,6,Local Street - Municipality,2,Urban,5,Major Collector,3,Town or Township Highway Agency,0,This section IS NOT on the NHS,0,No Special Jurisdiction,2,2,38.54339167,38.54339167,-76.08707222,-76.08707222,18,Other Object (not fixed),0,The First Harmful Event was Not a Collision with a Motor Vehicle in Transport,0,No,1,Non-Junction,1,Not an Intersection,5,Outside Trafficway,0,None,2,Dark - Not Lighted,1,Clear,0,No,0000000,Not Applicable,99,Unknown,99,Unknown,99,Unknown EMS Scene Arrival Hour,99,Unknown EMS Scene Arrival Minutes,99,Unknown,99,Unknown EMS Hospital Arrival Time,2
24,Maryland,240452,0,0,2,2,0,2,2,510,BALTIMORE (CITY) (510),0,NOT APPLICABLE,8,August,31,31,4,Wednesday,2022,6,6:00am-6:59am,7,7,SR-26,NA,3,State Highway,2,Urban,3,Principal Arterial - Other,1,State Highway Agency,1,This section IS ON the NHS,0,No Special Jurisdiction,5,5,39.33376944,39.33376944,-76.70319722,-76.70319722,12,Motor Vehicle In-Transport,6,Angle,0,No,1,Non-Junction,1,Not an Intersection,1,On Roadway,0,None,4,Dawn,1,Clear,0,No,0000000,Not Applicable,99,Unknown,99,Unknown,99,Unknown EMS Scene Arrival Hour,99,Unknown EMS Scene Arrival Minutes,99,Unknown,99,Unknown EMS Hospital Arrival Time,1
24,Maryland,240453,0,0,2,2,0,2,2,5,BALTIMORE (5),0,NOT APPLICABLE,11,November,13,13,1,Sunday,2022,6,6:00am-6:59am,18,18,CR-2250,NA,4,County Road,2,Urban,4,Minor Arterial,2,County Highway Agency,0,This section IS NOT on the NHS,0,No Special Jurisdiction,26,26,39.38490833,39.38490833,-76.78812778,-76.78812778,12,Motor Vehicle In-Transport,2,Front-to-Front,0,No,1,Non-Junction,1,Not an Intersection,1,On Roadway,0,None,3,Dark - Lighted,1,Clear,0,No,0000000,Not Applicable,99,Unknown,99,Unknown,99,Unknown EMS Scene Arrival Hour,99,Unknown EMS Scene Arrival Minutes,99,Unknown,99,Unknown EMS Hospital Arrival Time,1
24,Maryland,240454,0,0,1,1,0,1,1,3,ANNE ARUNDEL (3),0,NOT APPLICABLE,12,December,15,15,5,Thursday,2022,19,7:00pm-7:59pm,35,35,SR-100,NA,3,State Highway,2,Urban,2,Principal Arterial - Other Freeways and Expressways,1,State Highway Agency,1,This section IS ON the NHS,0,No Special Jurisdiction,62,62,39.15413333,39.15413333,-76.64879167,-76.64879167,25,Concrete Traffic Barrier,0,The First Harmful Event was Not a Collision with a Motor Vehicle in Transport,1,Yes,19,Other location within Interchange Area,1,Not an Intersection,3,On Median,0,None,3,Dark - Lighted,2,Rain,0,No,0000000,Not Applicable,99,Unknown,99,Unknown,99,Unknown EMS Scene Arrival Hour,99,Unknown EMS Scene Arrival Minutes,88,Not Applicable (Not Transported),88,Not Applicable (Not Transported),1
24,Maryland,240455,0,0,2,2,0,2,2,19,DORCHESTER (19),230,CAMBRIDGE,12,December,16,16,6,Friday,2022,16,4:00pm-4:59pm,35,35,SR-16,NA,3,State Highway,2,Urban,4,Minor Arterial,1,State Highway Agency,0,This section IS NOT on the NHS,0,No Special Jurisdiction,153,153,38.54656389,38.54656389,-76.07325278,-76.07325278,12,Motor Vehicle In-Transport,2,Front-to-Front,0,No,1,Non-Junction,1,Not an Intersection,1,On Roadway,0,None,5,Dusk,1,Clear,0,No,0000000,Not Applicable,99,Unknown,99,Unknown,99,Unknown EMS Scene Arrival Hour,99,Unknown EMS Scene Arrival Minutes,99,Unknown,99,Unknown EMS Hospital Arrival Time,1
24,Maryland,240456,0,0,1,1,0,2,2,3,ANNE ARUNDEL (3),0,NOT APPLICABLE,12,December,18,18,1,Sunday,2022,19,7:00pm-7:59pm,16,16,SR-2,SR-665 RAMP,3,State Highway,2,Urban,3,Principal Arterial - Other,1,State Highway Agency,1,This section IS ON the NHS,0,No Special Jurisdiction,196,196,38.97203889,38.97203889,-76.54258056,-76.54258056,30,Utility Pole/Light Support,0,The First Harmful Event was Not a Collision with a Motor Vehicle in Transport,0,No,3,Intersection-Related,2,Four-Way Intersection,4,On Roadside,0,None,3,Dark - Lighted,1,Clear,0,No,0000000,Not Applicable,99,Unknown,99,Unknown,99,Unknown EMS Scene Arrival Hour,99,Unknown EMS Scene Arrival Minutes,99,Unknown,99,Unknown EMS Hospital Arrival Time,1
24,Maryland,240457,0,0,3,3,0,3,3,1,ALLEGANY (1),0,NOT APPLICABLE,12,December,20,20,3,Tuesday,2022,19,7:00pm-7:59pm,24,24,I-68,NA,1,Interstate,2,Urban,1,Interstate,1,State Highway Agency,1,This section IS ON the NHS,0,No Special Jurisdiction,32,32,39.63387778,39.63387778,-78.90978333,-78.90978333,12,Motor Vehicle In-Transport,1,Front-to-Rear,0,No,1,Non-Junction,1,Not an Intersection,1,On Roadway,0,None,2,Dark - Not Lighted,1,Clear,0,No,0000000,Not Applicable,99,Unknown,99,Unknown,99,Unknown EMS Scene Arrival Hour,99,Unknown EMS Scene Arrival Minutes,99,Unknown,99,Unknown EMS Hospital Arrival Time,1
24,Maryland,240458,0,0,1,1,0,1,1,33,PRINCE GEORGE`S (33),0,NOT APPLICABLE,12,December,20,20,3,Tuesday,2022,21,9:00pm-9:59pm,8,8,I-595,NA,1,Interstate,2,Urban,1,Interstate,1,State Highway Agency,1,This section IS ON the NHS,0,No Special Jurisdiction,10,10,38.94660556,38.94660556,-76.84819167,-76.84819167,34,Ditch,0,The First Harmful Event was Not a Collision with a Motor Vehicle in Transport,0,No,1,Non-Junction,1,Not an Intersection,4,On Roadside,0,None,2,Dark - Not Lighted,1,Clear,0,No,0000000,Not Applicable,99,Unknown,99,Unknown,99,Unknown EMS Scene Arrival Hour,99,Unknown EMS Scene Arrival Minutes,88,Not Applicable (Not Transported),88,Not Applicable (Not Transported),1
24,Maryland,240459,2,2,1,1,0,1,1,31,MONTGOMERY (31),0,NOT APPLICABLE,12,December,21,21,4,Wednesday,2022,14,2:00pm-2:59pm,3,3,CR-81,KINGS JAMES WAY,4,County Road,2,Urban,4,Minor Arterial,2,County Highway Agency,0,This section IS NOT on the NHS,0,No Special Jurisdiction,29,29,39.13657778,39.13657778,-77.205775,-77.205775,8,Pedestrian,0,The First Harmful Event was Not a Collision with a Motor Vehicle in Transport,0,No,3,Intersection-Related,2,Four-Way Intersection,1,On Roadway,0,None,1,Daylight,1,Clear,0,No,0000000,Not Applicable,99,Unknown,99,Unknown,99,Unknown EMS Scene Arrival Hour,99,Unknown EMS Scene Arrival Minutes,99,Unknown,99,Unknown EMS Hospital Arrival Time,1
24,Maryland,240460,1,1,1,1,0,1,1,33,PRINCE GEORGE`S (33),0,NOT APPLICABLE,12,December,22,22,5,Thursday,2022,23,11:00pm-11:59pm,32,32,SR-458,NA,3,State Highway,2,Urban,3,Principal Arterial - Other,1,State Highway Agency,0,This section IS NOT on the NHS,0,No Special Jurisdiction,12,12,38.84715556,38.84715556,-76.92627778,-76.92627778,8,Pedestrian,0,The First Harmful Event was Not a Collision with a Motor Vehicle in Transport,0,No,1,Non-Junction,1,Not an Intersection,1,On Roadway,0,None,2,Dark - Not Lighted,2,Rain,0,No,0000000,Not Applicable,99,Unknown,99,Unknown,99,Unknown EMS Scene Arrival Hour,99,Unknown EMS Scene Arrival Minutes,88,Not Applicable (Not Transported),88,Not Applicable (Not Transported),1
24,Maryland,240461,0,0,1,1,0,1,1,21,FREDERICK (21),0,NOT APPLICABLE,12,December,23,23,6,Friday,2022,11,11:00am-11:59am,54,54,SR-77,NA,3,State Highway,2,Urban,4,Minor Arterial,1,State Highway Agency,0,This section IS NOT on the NHS,0,No Special Jurisdiction,20,20,39.63556667,39.63556667,-77.48794444,-77.48794444,16,Thrown or Falling Object,0,The First Harmful Event was Not a Collision with a Motor Vehicle in Transport,0,No,1,Non-Junction,1,Not an Intersection,1,On Roadway,0,None,1,Daylight,6,Severe Crosswinds,0,No,0000000,Not Applicable,99,Unknown,99,Unknown,99,Unknown EMS Scene Arrival Hour,99,Unknown EMS Scene Arrival Minutes,88,Not Applicable (Not Transported),88,Not Applicable (Not Transported),1
24,Maryland,240462,0,0,1,1,0,8,8,27,HOWARD (27),0,NOT APPLICABLE,12,December,17,17,7,Saturday,2022,22,10:00pm-10:59pm,8,8,CR-1140,NA,4,County Road,2,Urban,4,Minor Arterial,2,County Highway Agency,0,This section IS NOT on the NHS,0,No Special Jurisdiction,5,5,39.17585556,39.17585556,-76.83845833,-76.83845833,33,Curb,0,The First Harmful Event was Not a Collision with a Motor Vehicle in Transport,0,No,1,Non-Junction,1,Not an Intersection,4,On Roadside,0,None,3,Dark - Lighted,1,Clear,0,No,0000000,Not Applicable,99,Unknown,99,Unknown,99,Unknown EMS Scene Arrival Hour,99,Unknown EMS Scene Arrival Minutes,99,Unknown,99,Unknown EMS Hospital Arrival Time,1
24,Maryland,240463,1,1,1,1,0,1,1,21,FREDERICK (21),0,NOT APPLICABLE,12,December,22,22,5,Thursday,2022,1,1:00am-1:59am,31,31,I-70,NA,1,Interstate,2,Urban,1,Interstate,1,State Highway Agency,1,This section IS ON the NHS,0,No Special Jurisdiction,56,56,39.48108611,39.48108611,-77.5392,-77.5392,8,Pedestrian,0,The First Harmful Event was Not a Collision with a Motor Vehicle in Transport,0,No,1,Non-Junction,1,Not an Intersection,1,On Roadway,0,None,2,Dark - Not Lighted,10,Cloudy,0,No,0000000,Not Applicable,99,Unknown,99,Unknown,99,Unknown EMS Scene Arrival Hour,99,Unknown EMS Scene Arrival Minutes,99,Unknown,99,Unknown EMS Hospital Arrival Time,1
24,Maryland,240464,0,0,1,1,0,3,3,31,MONTGOMERY (31),0,NOT APPLICABLE,12,December,24,24,7,Saturday,2022,4,4:00am-4:59am,24,24,CR-4592,SR-320,4,County Road,2,Urban,4,Minor Arterial,2,County Highway Agency,0,This section IS NOT on the NHS,0,No Special Jurisdiction,9,9,38.99140278,38.99140278,-77.01028056,-77.01028056,1,Rollover/Overturn,0,The First Harmful Event was Not a Collision with a Motor Vehicle in Transport,0,No,3,Intersection-Related,2,Four-Way Intersection,3,On Median,0,None,3,Dark - Lighted,1,Clear,0,No,0000000,Not Applicable,99,Unknown,99,Unknown,99,Unknown EMS Scene Arrival Hour,99,Unknown EMS Scene Arrival Minutes,99,Unknown,99,Unknown EMS Hospital Arrival Time,1
24,Maryland,240465,0,0,1,1,0,1,1,15,CECIL (15),0,NOT APPLICABLE,12,December,20,20,3,Tuesday,2022,15,3:00pm-3:59pm,11,11,CR-579,NA,4,County Road,2,Urban,7,Local,2,County Highway Agency,0,This section IS NOT on the NHS,0,No Special Jurisdiction,12,12,39.57150833,39.57150833,-75.9514,-75.9514,30,Utility Pole/Light Support,0,The First Harmful Event was Not a Collision with a Motor Vehicle in Transport,0,No,1,Non-Junction,1,Not an Intersection,4,On Roadside,0,None,1,Daylight,98,Not Reported,0,No,0000000,Not Applicable,99,Unknown,99,Unknown,99,Unknown EMS Scene Arrival Hour,99,Unknown EMS Scene Arrival Minutes,99,Unknown,99,Unknown EMS Hospital Arrival Time,1
24,Maryland,240466,0,0,2,2,0,2,2,11,CAROLINE (11),0,NOT APPLICABLE,12,December,23,23,6,Friday,2022,0,0:00am-0:59am,32,32,SR-313,NA,3,State Highway,2,Urban,4,Minor Arterial,1,State Highway Agency,0,This section IS NOT on the NHS,0,No Special Jurisdiction,241,241,38.96018056,38.96018056,-75.79735556,-75.79735556,12,Motor Vehicle In-Transport,6,Angle,0,No,8,Driveway Access Related,1,Not an Intersection,1,On Roadway,0,None,2,Dark - Not Lighted,2,Rain,0,No,0000000,Not Applicable,99,Unknown,99,Unknown,99,Unknown EMS Scene Arrival Hour,99,Unknown EMS Scene Arrival Minutes,99,Unknown,99,Unknown EMS Hospital Arrival Time,1
24,Maryland,240467,0,0,1,1,0,1,1,47,WORCESTER (47),0,NOT APPLICABLE,12,December,17,17,7,Saturday,2022,0,0:00am-0:59am,40,40,CR-84,NA,4,County Road,1,Rural,7,Local,2,County Highway Agency,0,This section IS NOT on the NHS,0,No Special Jurisdiction,4,4,38.01950833,38.01950833,-75.39853333,-75.39853333,34,Ditch,0,The First Harmful Event was Not a Collision with a Motor Vehicle in Transport,0,No,1,Non-Junction,1,Not an Intersection,4,On Roadside,0,None,2,Dark - Not Lighted,1,Clear,0,No,0000000,Not Applicable,99,Unknown,99,Unknown,99,Unknown EMS Scene Arrival Hour,99,Unknown EMS Scene Arrival Minutes,88,Not Applicable (Not Transported),88,Not Applicable (Not Transported),1
24,Maryland,240468,0,0,1,1,0,1,1,15,CECIL (15),0,NOT APPLICABLE,12,December,27,27,3,Tuesday,2022,15,3:00pm-3:59pm,23,23,I-95,NA,1,Interstate,2,Urban,1,Interstate,1,State Highway Agency,1,This section IS ON the NHS,0,No Special Jurisdiction,159,159,39.64536944,39.64536944,-75.83526111,-75.83526111,35,Embankment,0,The First Harmful Event was Not a Collision with a Motor Vehicle in Transport,0,No,1,Non-Junction,1,Not an Intersection,3,On Median,0,None,1,Daylight,1,Clear,0,No,0000000,Not Applicable,99,Unknown,99,Unknown,99,Unknown EMS Scene Arrival Hour,99,Unknown EMS Scene Arrival Minutes,88,Not Applicable (Not Transported),88,Not Applicable (Not Transported),1
24,Maryland,240469,0,0,1,1,0,1,1,25,HARFORD (25),0,NOT APPLICABLE,12,December,28,28,4,Wednesday,2022,1,1:00am-1:59am,34,34,SR-136,NA,3,State Highway,2,Urban,5,Major Collector,1,State Highway Agency,0,This section IS NOT on the NHS,0,No Special Jurisdiction,48,48,39.54151111,39.54151111,-76.25719167,-76.25719167,42,Tree (Standing Only),0,The First Harmful Event was Not a Collision with a Motor Vehicle in Transport,0,No,1,Non-Junction,1,Not an Intersection,4,On Roadside,0,None,3,Dark - Lighted,1,Clear,0,No,0000000,Not Applicable,99,Unknown,99,Unknown,99,Unknown EMS Scene Arrival Hour,99,Unknown EMS Scene Arrival Minutes,88,Not Applicable (Not Transported),88,Not Applicable (Not Transported),1
24,Maryland,240470,1,1,1,1,0,1,1,3,ANNE ARUNDEL (3),0,NOT APPLICABLE,12,December,28,28,4,Wednesday,2022,1,1:00am-1:59am,54,54,I-97,NA,1,Interstate,2,Urban,1,Interstate,1,State Highway Agency,1,This section IS ON the NHS,0,No Special Jurisdiction,148,148,39.17639444,39.17639444,-76.63629722,-76.63629722,8,Pedestrian,0,The First Harmful Event was Not a Collision with a Motor Vehicle in Transport,0,No,1,Non-Junction,1,Not an Intersection,1,On Roadway,0,None,6,Dark - Unknown Lighting,1,Clear,0,No,0000000,Not Applicable,99,Unknown,99,Unknown,99,Unknown EMS Scene Arrival Hour,99,Unknown EMS Scene Arrival Minutes,88,Not Applicable (Not Transported),88,Not Applicable (Not Transported),1
24,Maryland,240471,0,0,2,2,0,4,4,33,PRINCE GEORGE`S (33),0,NOT APPLICABLE,1,January,9,9,1,Sunday,2022,1,1:00am-1:59am,4,4,SR-295,NA,3,State Highway,2,Urban,3,Principal Arterial - Other,66,National Park Service,1,This section IS ON the NHS,1,National Park Service,99998,Not Reported,38.91961667,38.91961667,-76.93215556,-76.93215556,24,Guardrail Face,0,The First Harmful Event was Not a Collision with a Motor Vehicle in Transport,0,No,1,Non-Junction,1,Not an Intersection,3,On Median,0,None,3,Dark - Lighted,1,Clear,0,No,0000000,Not Applicable,99,Unknown,99,Unknown,99,Unknown EMS Scene Arrival Hour,99,Unknown EMS Scene Arrival Minutes,99,Unknown,99,Unknown EMS Hospital Arrival Time,1
24,Maryland,240472,0,0,4,1,3,1,1,25,HARFORD (25),0,NOT APPLICABLE,12,December,29,29,5,Thursday,2022,23,11:00pm-11:59pm,11,11,SR-543,NA,3,State Highway,2,Urban,4,Minor Arterial,1,State Highway Agency,0,This section IS NOT on the NHS,0,No Special Jurisdiction,62,62,39.53529444,39.53529444,-76.29902778,-76.29902778,33,Curb,0,The First Harmful Event was Not a Collision with a Motor Vehicle in Transport,0,No,1,Non-Junction,1,Not an Intersection,4,On Roadside,0,None,2,Dark - Not Lighted,1,Clear,0,No,0000000,Not Applicable,99,Unknown,99,Unknown,99,Unknown EMS Scene Arrival Hour,99,Unknown EMS Scene Arrival Minutes,88,Not Applicable (Not Transported),88,Not Applicable (Not Transported),1
24,Maryland,240473,0,0,1,1,0,1,1,33,PRINCE GEORGE`S (33),710,GREENBELT,3,March,24,24,5,Thursday,2022,18,6:00pm-6:59pm,12,12,SR-295,NA,3,State Highway,2,Urban,2,Principal Arterial - Other Freeways and Expressways,66,National Park Service,1,This section IS ON the NHS,1,National Park Service,99998,Not Reported,38.99594444,38.99594444,-76.877,-76.877,42,Tree (Standing Only),0,The First Harmful Event was Not a Collision with a Motor Vehicle in Transport,0,No,1,Non-Junction,1,Not an Intersection,4,On Roadside,0,None,1,Daylight,5,"Fog, Smog, Smoke",0,No,0000000,Not Applicable,99,Unknown,99,Unknown,99,Unknown EMS Scene Arrival Hour,99,Unknown EMS Scene Arrival Minutes,99,Unknown,99,Unknown EMS Hospital Arrival Time,1
24,Maryland,240474,0,0,1,1,0,1,1,33,PRINCE GEORGE`S (33),0,NOT APPLICABLE,8,August,18,18,5,Thursday,2022,15,3:00pm-3:59pm,33,33,GV-119,NA,8,Other,2,Urban,2,Principal Arterial - Other Freeways and Expressways,66,National Park Service,1,This section IS ON the NHS,1,National Park Service,99998,Not Reported,77.7777,77.7777,777.7777,777.7777,24,Guardrail Face,0,The First Harmful Event was Not a Collision with a Motor Vehicle in Transport,0,No,1,Non-Junction,1,Not an Intersection,3,On Median,0,None,1,Daylight,1,Clear,0,No,0000000,Not Applicable,99,Unknown,99,Unknown,99,Unknown EMS Scene Arrival Hour,99,Unknown EMS Scene Arrival Minutes,88,Not Applicable (Not Transported),88,Not Applicable (Not Transported),1
24,Maryland,240475,1,1,1,1,0,2,2,33,PRINCE GEORGE`S (33),0,NOT APPLICABLE,12,December,28,28,4,Wednesday,2022,17,5:00pm-5:59pm,47,47,SR-214,NA,3,State Highway,2,Urban,3,Principal Arterial - Other,1,State Highway Agency,0,This section IS NOT on the NHS,0,No Special Jurisdiction,64,64,38.89981111,38.89981111,-76.79450833,-76.79450833,8,Pedestrian,0,The First Harmful Event was Not a Collision with a Motor Vehicle in Transport,0,No,1,Non-Junction,1,Not an Intersection,1,On Roadway,0,None,3,Dark - Lighted,1,Clear,0,No,0000000,Not Applicable,99,Unknown,99,Unknown,99,Unknown EMS Scene Arrival Hour,99,Unknown EMS Scene Arrival Minutes,99,Unknown,99,Unknown EMS Hospital Arrival Time,1