STATE,STATENAME,ST_CASE,PEDS,PERNOTMVIT,VE_TOTAL,VE_FORMS,PVH_INVL,PERSONS,PERMVIT,COUNTY,COUNTYNAME,CITY,CITYNAME,MONTH,MONTHNAME,DAY,DAYNAME,DAY_WEEK,DAY_WEEKNAME,YEAR,HOUR,HOURNAME,MINUTE,MINUTENAME,TWAY_ID,TWAY_ID2,ROUTE,ROUTENAME,RUR_URB,RUR_URBNAME,FUNC_SYS,FUNC_SYSNAME,RD_OWNER,RD_OWNERNAME,NHS,NHSNAME,SP_JUR,SP_JURNAME,MILEPT,MILEPTNAME,LATITUDE,LATITUDENAME,LONGITUD,LONGITUDNAME,HARM_EV,HARM_EVNAME,MAN_COLL,MAN_COLLNAME,RELJCT1,RELJCT1NAME,RELJCT2,RELJCT2NAME,TYP_INT,TYP_INTNAME,REL_ROAD,REL_ROADNAME,WRK_ZONE,WRK_ZONENAME,LGT_COND,LGT_CONDNAME,WEATHER,WEATHERNAME,SCH_BUS,SCH_BUSNAME,RAIL,RAILNAME,NOT_HOUR,NOT_HOURNAME,NOT_MIN,NOT_MINNAME,ARR_HOUR,ARR_HOURNAME,ARR_MIN,ARR_MINNAME,HOSP_HR,HOSP_HRNAME,HOSP_MN,HOSP_MNNAME,FATALS
24,Maryland,240511,0,0,2,2,0,4,4,3,ANNE ARUNDEL (3),1082,NAVAL FACILITY FT. MEADE,10,October,23,23,1,Sunday,2022,5,5:00am-5:59am,5,5,SR-295,NA,3,State Highway,2,Urban,2,Principal Arterial - Other Freeways and Expressways,66,National Park Service,1,This section IS ON the NHS,1,National Park Service,99998,Not Reported,39.13606667,39.13606667,-76.75734722,-76.75734722,12,Motor Vehicle In-Transport,7,Sideswipe - Same Direction,0,No,1,Non-Junction,1,Not an Intersection,1,On Roadway,0,None,2,Dark - Not Lighted,1,Clear,0,No,0000000,Not Applicable,99,Unknown,99,Unknown,99,Unknown EMS Scene Arrival Hour,99,Unknown EMS Scene Arrival Minutes,99,Unknown,99,Unknown EMS Hospital Arrival Time,1
24,Maryland,240512,0,0,2,2,0,5,5,33,PRINCE GEORGE`S (33),991,MARYLAND PARK,10,October,2,2,1,Sunday,2022,21,9:00pm-9:59pm,27,27,SR-295,NA,3,State Highway,2,Urban,2,Principal Arterial - Other Freeways and Expressways,66,National Park Service,1,This section IS ON the NHS,1,National Park Service,99998,Not Reported,39.06958333,39.06958333,-76.83095278,-76.83095278,12,Motor Vehicle In-Transport,2,Front-to-Front,0,No,1,Non-Junction,1,Not an Intersection,1,On Roadway,0,None,2,Dark - Not Lighted,1,Clear,0,No,0000000,Not Applicable,99,Unknown,99,Unknown,99,Unknown EMS Scene Arrival Hour,99,Unknown EMS Scene Arrival Minutes,99,Unknown,99,Unknown EMS Hospital Arrival Time,2
24,Maryland,240513,0,0,1,1,0,2,2,510,BALTIMORE (CITY) (510),50,BALTIMORE,6,June,23,23,5,Thursday,2022,11,11:00am-11:59am,55,55,MU-2570,NA,6,Local Street - Municipality,2,Urban,5,Major Collector,4,City or Municipal Highway Agency,0,This section IS NOT on the NHS,0,No Special Jurisdiction,14,14,39.37130833,39.37130833,-76.57893056,-76.57893056,33,Curb,0,The First Harmful Event was Not a Collision with a Motor Vehicle in Transport,0,No,1,Non-Junction,1,Not an Intersection,4,On Roadside,0,None,1,Daylight,10,Cloudy,0,No,0000000,Not Applicable,99,Unknown,99,Unknown,99,Unknown EMS Scene Arrival Hour,99,Unknown EMS Scene Arrival Minutes,99,Unknown,99,Unknown EMS Hospital Arrival Time,1
24,Maryland,240514,1,1,1,1,0,1,1,510,BALTIMORE (CITY) (510),50,BALTIMORE,7,July,6,6,4,Wednesday,2022,14,2:00pm-2:59pm,52,52,MU-1445,NA,6,Local Street - Municipality,2,Urban,4,Minor Arterial,4,City or Municipal Highway Agency,0,This section IS NOT on the NHS,0,No Special Jurisdiction,14,14,39.31320556,39.31320556,-76.59633889,-76.59633889,15,Non-Motorist on Personal Conveyance,0,The First Harmful Event was Not a Collision with a Motor Vehicle in Transport,0,No,7,Crossover-Related,1,Not an Intersection,1,On Roadway,0,None,1,Daylight,1,Clear,0,No,0000000,Not Applicable,99,Unknown,99,Unknown,99,Unknown EMS Scene Arrival Hour,99,Unknown EMS Scene Arrival Minutes,99,Unknown,99,Unknown EMS Hospital Arrival Time,1
24,Maryland,240515,0,0,3,3,0,4,4,5,BALTIMORE (5),0,NOT APPLICABLE,8,August,27,27,7,Saturday,2022,22,10:00pm-10:59pm,42,42,SR-122,CR-2404,3,State Highway,2,Urban,4,Minor Arterial,1,State Highway Agency,0,This section IS NOT on the NHS,0,No Special Jurisdiction,8,8,39.3121,39.3121,-76.74051389,-76.74051389,12,Motor Vehicle In-Transport,6,Angle,0,No,2,Intersection,2,Four-Way Intersection,1,On Roadway,0,None,3,Dark - Lighted,1,Clear,0,No,0000000,Not Applicable,99,Unknown,99,Unknown,99,Unknown EMS Scene Arrival Hour,99,Unknown EMS Scene Arrival Minutes,99,Unknown,99,Unknown EMS Hospital Arrival Time,1
24,Maryland,240516,1,1,1,1,0,1,1,13,CARROLL (13),0,NOT APPLICABLE,9,September,17,17,7,Saturday,2022,9,9:00am-9:59am,39,39,CR-34,NA,4,County Road,2,Urban,5,Major Collector,2,County Highway Agency,0,This section IS NOT on the NHS,0,No Special Jurisdiction,12,12,39.64123889,39.64123889,-77.16198333,-77.16198333,8,Pedestrian,0,The First Harmful Event was Not a Collision with a Motor Vehicle in Transport,0,No,1,Non-Junction,1,Not an Intersection,2,On Shoulder,0,None,1,Daylight,1,Clear,0,No,0000000,Not Applicable,99,Unknown,99,Unknown,99,Unknown EMS Scene Arrival Hour,99,Unknown EMS Scene Arrival Minutes,88,Not Applicable (Not Transported),88,Not Applicable (Not Transported),1
24,Maryland,240517,0,0,1,1,0,1,1,5,BALTIMORE (5),0,NOT APPLICABLE,10,October,17,17,2,Monday,2022,18,6:00pm-6:59pm,5,5,SR-41,NA,3,State Highway,2,Urban,2,Principal Arterial - Other Freeways and Expressways,1,State Highway Agency,1,This section IS ON the NHS,0,No Special Jurisdiction,9,9,39.37696389,39.37696389,-76.55719167,-76.55719167,42,Tree (Standing Only),0,The First Harmful Event was Not a Collision with a Motor Vehicle in Transport,0,No,1,Non-Junction,1,Not an Intersection,4,On Roadside,0,None,1,Daylight,10,Cloudy,0,No,0000000,Not Applicable,99,Unknown,99,Unknown,99,Unknown EMS Scene Arrival Hour,99,Unknown EMS Scene Arrival Minutes,88,Not Applicable (Not Transported),88,Not Applicable (Not Transported),1
24,Maryland,240518,0,0,1,1,0,3,3,5,BALTIMORE (5),0,NOT APPLICABLE,8,August,14,14,1,Sunday,2022,1,1:00am-1:59am,53,53,CR-415,NA,4,County Road,2,Urban,5,Major Collector,2,County Highway Agency,0,This section IS NOT on the NHS,0,No Special Jurisdiction,6,6,39.46778333,39.46778333,-76.629375,-76.629375,33,Curb,0,The First Harmful Event was Not a Collision with a Motor Vehicle in Transport,0,No,1,Non-Junction,1,Not an Intersection,4,On Roadside,0,None,3,Dark - Lighted,1,Clear,0,No,0000000,Not Applicable,99,Unknown,99,Unknown,99,Unknown EMS Scene Arrival Hour,99,Unknown EMS Scene Arrival Minutes,99,Unknown,99,Unknown EMS Hospital Arrival Time,2
24,Maryland,240519,1,1,1,1,0,1,1,510,BALTIMORE (CITY) (510),50,BALTIMORE,11,November,26,26,7,Saturday,2022,22,10:00pm-10:59pm,5,5,I-83,MU-1680,1,Interstate,2,Urban,1,Interstate,4,City or Municipal Highway Agency,1,This section IS ON the NHS,0,No Special Jurisdiction,0,None,39.29070833,39.29070833,-76.60675556,-76.60675556,8,Pedestrian,0,The First Harmful Event was Not a Collision with a Motor Vehicle in Transport,0,No,3,Intersection-Related,2,Four-Way Intersection,1,On Roadway,0,None,3,Dark - Lighted,1,Clear,0,No,0000000,Not Applicable,99,Unknown,99,Unknown,99,Unknown EMS Scene Arrival Hour,99,Unknown EMS Scene Arrival Minutes,99,Unknown,99,Unknown EMS Hospital Arrival Time,1
24,Maryland,240520,0,0,2,2,0,2,2,5,BALTIMORE (5),0,NOT APPLICABLE,11,November,6,6,1,Sunday,2022,12,12:00pm-12:59pm,58,58,CR-7710,MILL CENTRE DR,4,County Road,2,Urban,5,Major Collector,2,County Highway Agency,0,This section IS NOT on the NHS,0,No Special Jurisdiction,6,6,39.41466389,39.41466389,-76.81243333,-76.81243333,12,Motor Vehicle In-Transport,6,Angle,0,No,2,Intersection,2,Four-Way Intersection,1,On Roadway,0,None,1,Daylight,10,Cloudy,0,No,0000000,Not Applicable,99,Unknown,99,Unknown,99,Unknown EMS Scene Arrival Hour,99,Unknown EMS Scene Arrival Minutes,99,Unknown,99,Unknown EMS Hospital Arrival Time,1
24,Maryland,240521,0,0,3,3,0,3,3,5,BALTIMORE (5),0,NOT APPLICABLE,11,November,7,7,2,Monday,2022,17,5:00pm-5:59pm,46,46,SR-372,CR-2992,3,State Highway,2,Urban,4,Minor Arterial,1,State Highway Agency,0,This section IS NOT on the NHS,0,No Special Jurisdiction,23,23,39.26729444,39.26729444,-76.69118056,-76.69118056,12,Motor Vehicle In-Transport,2,Front-to-Front,0,No,2,Intersection,2,Four-Way Intersection,1,On Roadway,0,None,5,Dusk,1,Clear,0,No,0000000,Not Applicable,99,Unknown,99,Unknown,99,Unknown EMS Scene Arrival Hour,99,Unknown EMS Scene Arrival Minutes,99,Unknown,99,Unknown EMS Hospital Arrival Time,1
24,Maryland,240522,0,0,1,1,0,2,2,510,BALTIMORE (CITY) (510),50,BALTIMORE,11,November,27,27,1,Sunday,2022,15,3:00pm-3:59pm,15,15,MU-1022,NA,6,Local Street - Municipality,2,Urban,3,Principal Arterial - Other,4,City or Municipal Highway Agency,1,This section IS ON the NHS,0,No Special Jurisdiction,26,26,39.35950833,39.35950833,-76.65285,-76.65285,33,Curb,0,The First Harmful Event was Not a Collision with a Motor Vehicle in Transport,0,No,1,Non-Junction,1,Not an Intersection,3,On Median,0,None,1,Daylight,2,Rain,0,No,0000000,Not Applicable,99,Unknown,99,Unknown,99,Unknown EMS Scene Arrival Hour,99,Unknown EMS Scene Arrival Minutes,88,Not Applicable (Not Transported),88,Not Applicable (Not Transported),2
24,Maryland,240523,0,0,2,2,0,2,2,510,BALTIMORE (CITY) (510),50,BALTIMORE,5,May,28,28,7,Saturday,2022,21,9:00pm-9:59pm,31,31,MU-2945,MU-4021,6,Local Street - Municipality,2,Urban,4,Minor Arterial,4,City or Municipal Highway Agency,0,This section IS NOT on the NHS,0,No Special Jurisdiction,5,5,39.30478056,39.30478056,-76.58262778,-76.58262778,12,Motor Vehicle In-Transport,2,Front-to-Front,0,No,2,Intersection,2,Four-Way Intersection,1,On Roadway,0,None,3,Dark - Lighted,1,Clear,0,No,0000000,Not Applicable,99,Unknown,99,Unknown,99,Unknown EMS Scene Arrival Hour,99,Unknown EMS Scene Arrival Minutes,99,Unknown,99,Unknown EMS Hospital Arrival Time,1
24,Maryland,240524,0,0,2,2,0,2,2,5,BALTIMORE (5),0,NOT APPLICABLE,11,November,23,23,4,Wednesday,2022,9,9:00am-9:59am,53,53,US-40,CR-5780,2,US Highway,2,Urban,3,Principal Arterial - Other,1,State Highway Agency,1,This section IS ON the NHS,0,No Special Jurisdiction,10,10,39.28625556,39.28625556,-76.76381111,-76.76381111,12,Motor Vehicle In-Transport,1,Front-to-Rear,0,No,3,Intersection-Related,2,Four-Way Intersection,1,On Roadway,0,None,1,Daylight,1,Clear,0,No,0000000,Not Applicable,99,Unknown,99,Unknown,99,Unknown EMS Scene Arrival Hour,99,Unknown EMS Scene Arrival Minutes,99,Unknown,99,Unknown EMS Hospital Arrival Time,1
24,Maryland,240525,1,1,1,1,0,1,1,5,BALTIMORE (5),0,NOT APPLICABLE,10,October,10,10,2,Monday,2022,20,8:00pm-8:59pm,11,11,CR-5237,CR-5248,4,County Road,2,Urban,4,Minor Arterial,2,County Highway Agency,0,This section IS NOT on the NHS,0,No Special Jurisdiction,10,10,39.24577778,39.24577778,-76.51476111,-76.51476111,8,Pedestrian,0,The First Harmful Event was Not a Collision with a Motor Vehicle in Transport,0,No,3,Intersection-Related,3,T-Intersection,3,On Median,0,None,3,Dark - Lighted,1,Clear,0,No,0000000,Not Applicable,99,Unknown,99,Unknown,99,Unknown EMS Scene Arrival Hour,99,Unknown EMS Scene Arrival Minutes,99,Unknown,99,Unknown EMS Hospital Arrival Time,1
24,Maryland,240526,1,1,1,1,0,1,1,5,BALTIMORE (5),0,NOT APPLICABLE,11,November,11,11,6,Friday,2022,0,0:00am-0:59am,46,46,US-40,NA,2,US Highway,2,Urban,3,Principal Arterial - Other,1,State Highway Agency,1,This section IS ON the NHS,0,No Special Jurisdiction,149,149,39.31648333,39.31648333,-76.51723056,-76.51723056,8,Pedestrian,0,The First Harmful Event was Not a Collision with a Motor Vehicle in Transport,0,No,1,Non-Junction,1,Not an Intersection,1,On Roadway,0,None,2,Dark - Not Lighted,98,Not Reported,0,No,0000000,Not Applicable,99,Unknown,99,Unknown,99,Unknown EMS Scene Arrival Hour,99,Unknown EMS Scene Arrival Minutes,99,Unknown,99,Unknown EMS Hospital Arrival Time,1
24,Maryland,240527,1,1,1,1,0,1,1,510,BALTIMORE (CITY) (510),0,NOT APPLICABLE,10,October,1,1,7,Saturday,2022,1,1:00am-1:59am,35,35,SR-129 PARK HEIGHTS AVE,CLOVER RD,3,State Highway,2,Urban,4,Minor Arterial,1,State Highway Agency,0,This section IS NOT on the NHS,0,No Special Jurisdiction,49,49,39.35044444,39.35044444,-76.68084444,-76.68084444,8,Pedestrian,0,The First Harmful Event was Not a Collision with a Motor Vehicle in Transport,0,No,3,Intersection-Related,98,Not Reported,1,On Roadway,0,None,3,Dark - Lighted,2,Rain,0,No,0000000,Not Applicable,99,Unknown,99,Unknown,99,Unknown EMS Scene Arrival Hour,99,Unknown EMS Scene Arrival Minutes,99,Unknown,99,Unknown EMS Hospital Arrival Time,1
24,Maryland,240528,1,1,1,1,0,1,1,510,BALTIMORE (CITY) (510),0,NOT APPLICABLE,12,December,3,3,7,Saturday,2022,13,1:00pm-1:59pm,58,58,MU-2125,MU-1023,6,Local Street - Municipality,2,Urban,4,Minor Arterial,4,City or Municipal Highway Agency,0,This section IS NOT on the NHS,0,No Special Jurisdiction,2,2,39.31456944,39.31456944,-76.67673333,-76.67673333,8,Pedestrian,0,The First Harmful Event was Not a Collision with a Motor Vehicle in Transport,0,No,3,Intersection-Related,4,Y-Intersection,4,On Roadside,0,None,1,Daylight,1,Clear,0,No,0000000,Not Applicable,99,Unknown,99,Unknown,99,Unknown EMS Scene Arrival Hour,99,Unknown EMS Scene Arrival Minutes,88,Not Applicable (Not Transported),88,Not Applicable (Not Transported),1
24,Maryland,240529,0,0,4,1,3,1,1,510,BALTIMORE (CITY) (510),50,BALTIMORE,12,December,19,19,2,Monday,2022,12,12:00pm-12:59pm,35,35,MU-1395,NA,6,Local Street - Municipality,2,Urban,3,Principal Arterial - Other,4,City or Municipal Highway Agency,1,This section IS ON the NHS,0,No Special Jurisdiction,13,13,39.28650833,39.28650833,-76.63868333,-76.63868333,14,Parked Motor Vehicle,0,The First Harmful Event was Not a Collision with a Motor Vehicle in Transport,0,No,1,Non-Junction,1,Not an Intersection,7,In Parking Lane/Zone,0,None,1,Daylight,1,Clear,0,No,0000000,Not Applicable,99,Unknown,99,Unknown,99,Unknown EMS Scene Arrival Hour,99,Unknown EMS Scene Arrival Minutes,88,Not Applicable (Not Transported),88,Not Applicable (Not Transported),1
24,Maryland,240530,1,1,1,1,0,1,1,510,BALTIMORE (CITY) (510),50,BALTIMORE,11,November,2,2,4,Wednesday,2022,17,5:00pm-5:59pm,19,19,MU-7508,MU-7636,6,Local Street - Municipality,2,Urban,4,Minor Arterial,4,City or Municipal Highway Agency,0,This section IS NOT on the NHS,0,No Special Jurisdiction,0,None,39.29265,39.29265,-76.67546111,-76.67546111,15,Non-Motorist on Personal Conveyance,0,The First Harmful Event was Not a Collision with a Motor Vehicle in Transport,0,No,3,Intersection-Related,2,Four-Way Intersection,1,On Roadway,0,None,1,Daylight,1,Clear,0,No,0000000,Not Applicable,99,Unknown,99,Unknown,99,Unknown EMS Scene Arrival Hour,99,Unknown EMS Scene Arrival Minutes,99,Unknown,99,Unknown EMS Hospital Arrival Time,1
24,Maryland,240531,1,1,1,1,0,1,1,37,ST. MARY`S (37),0,NOT APPLICABLE,12,December,2,2,6,Friday,2022,17,5:00pm-5:59pm,13,13,SR-246 GREAT MILLS RD,NA,3,State Highway,2,Urban,4,Minor Arterial,1,State Highway Agency,0,This section IS NOT on the NHS,0,No Special Jurisdiction,24,24,38.26079167,38.26079167,-76.46490556,-76.46490556,15,Non-Motorist on Personal Conveyance,0,The First Harmful Event was Not a Collision with a Motor Vehicle in Transport,0,No,1,Non-Junction,1,Not an Intersection,1,On Roadway,0,None,5,Dusk,1,Clear,0,No,0000000,Not Applicable,99,Unknown,99,Unknown,99,Unknown EMS Scene Arrival Hour,99,Unknown EMS Scene Arrival Minutes,99,Unknown,99,Unknown EMS Hospital Arrival Time,1
24,Maryland,240532,0,0,2,2,0,6,6,510,BALTIMORE (CITY) (510),50,BALTIMORE,6,June,30,30,5,Thursday,2022,20,8:00pm-8:59pm,11,11,MU-6169,US-1,6,Local Street - Municipality,2,Urban,5,Major Collector,4,City or Municipal Highway Agency,0,This section IS NOT on the NHS,0,No Special Jurisdiction,12,12,39.29384167,39.29384167,-76.64722778,-76.64722778,12,Motor Vehicle In-Transport,6,Angle,0,No,2,Intersection,2,Four-Way Intersection,1,On Roadway,0,None,3,Dark - Lighted,1,Clear,0,No,0000000,Not Applicable,99,Unknown,99,Unknown,99,Unknown EMS Scene Arrival Hour,99,Unknown EMS Scene Arrival Minutes,88,Not Applicable (Not Transported),88,Not Applicable (Not Transported),1
24,Maryland,240533,1,1,6,3,3,7,7,510,BALTIMORE (CITY) (510),50,BALTIMORE,2,February,6,6,1,Sunday,2022,13,1:00pm-1:59pm,14,14,MU-1665,MU-2971,6,Local Street - Municipality,2,Urban,4,Minor Arterial,4,City or Municipal Highway Agency,0,This section IS NOT on the NHS,0,No Special Jurisdiction,25,25,39.29248889,39.29248889,-76.569375,-76.569375,8,Pedestrian,0,The First Harmful Event was Not a Collision with a Motor Vehicle in Transport,0,No,3,Intersection-Related,2,Four-Way Intersection,1,On Roadway,0,None,1,Daylight,1,Clear,0,No,0000000,Not Applicable,99,Unknown,99,Unknown,99,Unknown EMS Scene Arrival Hour,99,Unknown EMS Scene Arrival Minutes,99,Unknown,99,Unknown EMS Hospital Arrival Time,1
24,Maryland,240534,0,0,2,1,1,2,2,510,BALTIMORE (CITY) (510),50,BALTIMORE,10,October,27,27,5,Thursday,2022,6,6:00am-6:59am,37,37,MU-1420 S CENTRAL AVE,NA,6,Local Street - Municipality,2,Urban,7,Local,4,City or Municipal Highway Agency,0,This section IS NOT on the NHS,0,No Special Jurisdiction,5,5,39.29005,39.29005,-76.59950278,-76.59950278,18,Other Object (not fixed),0,The First Harmful Event was Not a Collision with a Motor Vehicle in Transport,0,No,1,Non-Junction,1,Not an Intersection,5,Outside Trafficway,4,"Work Zone, Type Unknown",3,Dark - Lighted,1,Clear,0,No,0000000,Not Applicable,99,Unknown,99,Unknown,99,Unknown EMS Scene Arrival Hour,99,Unknown EMS Scene Arrival Minutes,99,Unknown,99,Unknown EMS Hospital Arrival Time,1
24,Maryland,240535,0,0,2,1,1,1,1,510,BALTIMORE (CITY) (510),50,BALTIMORE,7,July,22,22,6,Friday,2022,2,2:00am-2:59am,3,3,MU-2940 EDISON HWY,EMLEY AVE,6,Local Street - Municipality,2,Urban,3,Principal Arterial - Other,4,City or Municipal Highway Agency,0,This section IS NOT on the NHS,0,No Special Jurisdiction,12,12,39.317625,39.317625,-76.57270556,-76.57270556,33,Curb,0,The First Harmful Event was Not a Collision with a Motor Vehicle in Transport,0,No,3,Intersection-Related,2,Four-Way Intersection,3,On Median,0,None,3,Dark - Lighted,10,Cloudy,0,No,0000000,Not Applicable,99,Unknown,99,Unknown,99,Unknown EMS Scene Arrival Hour,99,Unknown EMS Scene Arrival Minutes,99,Unknown,99,Unknown EMS Hospital Arrival Time,1
24,Maryland,240536,0,0,4,4,0,9,9,510,BALTIMORE (CITY) (510),50,BALTIMORE,10,October,8,8,7,Saturday,2022,18,6:00pm-6:59pm,30,30,SR-26 LIBERTY HEIGHTS AVE,GRANTLEY AVE,3,State Highway,2,Urban,3,Principal Arterial - Other,1,State Highway Agency,1,This section IS ON the NHS,0,No Special Jurisdiction,20,20,39.32568056,39.32568056,-76.67648889,-76.67648889,12,Motor Vehicle In-Transport,6,Angle,0,No,2,Intersection,4,Y-Intersection,1,On Roadway,0,None,5,Dusk,1,Clear,0,No,0000000,Not Applicable,99,Unknown,99,Unknown,99,Unknown EMS Scene Arrival Hour,99,Unknown EMS Scene Arrival Minutes,99,Unknown,99,Unknown EMS Hospital Arrival Time,1
24,Maryland,240537,0,0,1,1,0,2,2,510,BALTIMORE (CITY) (510),50,BALTIMORE,11,November,19,19,7,Saturday,2022,13,1:00pm-1:59pm,40,40,MU-13701 E MONUMENT ST,NA,6,Local Street - Municipality,2,Urban,3,Principal Arterial - Other,4,City or Municipal Highway Agency,0,This section IS NOT on the NHS,0,No Special Jurisdiction,0,None,39.29955,39.29955,-76.56772222,-76.56772222,42,Tree (Standing Only),0,The First Harmful Event was Not a Collision with a Motor Vehicle in Transport,0,No,1,Non-Junction,1,Not an Intersection,3,On Median,0,None,1,Daylight,1,Clear,0,No,0000000,Not Applicable,99,Unknown,99,Unknown,99,Unknown EMS Scene Arrival Hour,99,Unknown EMS Scene Arrival Minutes,99,Unknown,99,Unknown EMS Hospital Arrival Time,1
24,Maryland,240538,0,0,2,2,0,2,2,33,PRINCE GEORGE`S (33),569,FORESTVILLE,11,November,24,24,5,Thursday,2022,17,5:00pm-5:59pm,26,26,GV-119 SUITLAND PKWY,NA,8,Other,2,Urban,2,Principal Arterial - Other Freeways and Expressways,66,National Park Service,1,This section IS ON the NHS,1,National Park Service,99998,Not Reported,38.83465833,38.83465833,-76.90875556,-76.90875556,12,Motor Vehicle In-Transport,7,Sideswipe - Same Direction,0,No,1,Non-Junction,1,Not an Intersection,1,On Roadway,0,None,5,Dusk,1,Clear,0,No,0000000,Not Applicable,99,Unknown,99,Unknown,99,Unknown EMS Scene Arrival Hour,99,Unknown EMS Scene Arrival Minutes,99,Unknown,99,Unknown EMS Hospital Arrival Time,1
24,Maryland,240539,0,0,1,1,0,2,2,3,ANNE ARUNDEL (3),833,JESSUP,11,November,10,10,5,Thursday,2022,5,5:00am-5:59am,3,3,SR-295,NA,3,State Highway,2,Urban,2,Principal Arterial - Other Freeways and Expressways,1,State Highway Agency,1,This section IS ON the NHS,1,National Park Service,99998,Not Reported,39.13334444,39.13334444,-76.75901944,-76.75901944,42,Tree (Standing Only),0,The First Harmful Event was Not a Collision with a Motor Vehicle in Transport,0,No,1,Non-Junction,1,Not an Intersection,3,On Median,0,None,2,Dark - Not Lighted,1,Clear,0,No,0000000,Not Applicable,99,Unknown,99,Unknown,99,Unknown EMS Scene Arrival Hour,99,Unknown EMS Scene Arrival Minutes,99,Unknown,99,Unknown EMS Hospital Arrival Time,1
24,Maryland,240540,0,0,2,2,0,7,7,33,PRINCE GEORGE`S (33),1558,TEMPLE HILLS,3,March,13,13,1,Sunday,2022,1,1:00am-1:59am,27,27,GV-119 SUITLAND PKWY,NA,8,Other,2,Urban,2,Principal Arterial - Other Freeways and Expressways,66,National Park Service,1,This section IS ON the NHS,1,National Park Service,99998,Not Reported,38.84913889,38.84913889,-76.96536111,-76.96536111,12,Motor Vehicle In-Transport,1,Front-to-Rear,0,No,1,Non-Junction,1,Not an Intersection,1,On Roadway,0,None,2,Dark - Not Lighted,1,Clear,0,No,0000000,Not Applicable,99,Unknown,99,Unknown,99,Unknown EMS Scene Arrival Hour,99,Unknown EMS Scene Arrival Minutes,99,Unknown,99,Unknown EMS Hospital Arrival Time,1
24,Maryland,240541,0,0,1,1,0,1,1,33,PRINCE GEORGE`S (33),100,BELTSVILLE,12,December,14,14,4,Wednesday,2022,0,0:00am-0:59am,29,29,SR-295,NA,3,State Highway,2,Urban,3,Principal Arterial - Other,1,State Highway Agency,1,This section IS ON the NHS,1,National Park Service,99999,Unknown,39.00915278,39.00915278,-76.86170833,-76.86170833,33,Curb,0,The First Harmful Event was Not a Collision with a Motor Vehicle in Transport,0,No,1,Non-Junction,1,Not an Intersection,4,On Roadside,0,None,2,Dark - Not Lighted,1,Clear,0,No,0000000,Not Applicable,99,Unknown,99,Unknown,99,Unknown EMS Scene Arrival Hour,99,Unknown EMS Scene Arrival Minutes,99,Unknown,99,Unknown EMS Hospital Arrival Time,1
24,Maryland,240542,0,0,2,2,0,3,3,33,PRINCE GEORGE`S (33),900,LAUREL,12,December,4,4,1,Sunday,2022,3,3:00am-3:59am,26,26,SR-295,NA,3,State Highway,2,Urban,2,Principal Arterial - Other Freeways and Expressways,66,National Park Service,1,This section IS ON the NHS,1,National Park Service,99998,Not Reported,39.04741389,39.04741389,-76.84437222,-76.84437222,12,Motor Vehicle In-Transport,6,Angle,0,No,1,Non-Junction,1,Not an Intersection,1,On Roadway,0,None,2,Dark - Not Lighted,1,Clear,0,No,0000000,Not Applicable,99,Unknown,99,Unknown,99,Unknown EMS Scene Arrival Hour,99,Unknown EMS Scene Arrival Minutes,88,Not Applicable (Not Transported),88,Not Applicable (Not Transported),1
24,Maryland,240543,0,0,2,2,0,2,2,33,PRINCE GEORGE`S (33),0,NOT APPLICABLE,9,September,4,4,1,Sunday,2022,2,2:00am-2:59am,38,38,SR-295,NA,3,State Highway,2,Urban,2,Principal Arterial - Other Freeways and Expressways,66,National Park Service,1,This section IS ON the NHS,1,National Park Service,99998,Not Reported,38.99220278,38.99220278,-76.88503056,-76.88503056,12,Motor Vehicle In-Transport,1,Front-to-Rear,1,Yes,5,Entrance/Exit Ramp Related,1,Not an Intersection,2,On Shoulder,0,None,2,Dark - Not Lighted,1,Clear,0,No,0000000,Not Applicable,99,Unknown,99,Unknown,99,Unknown EMS Scene Arrival Hour,99,Unknown EMS Scene Arrival Minutes,88,Not Applicable (Not Transported),88,Not Applicable (Not Transported),1
24,Maryland,240544,1,1,3,3,0,2,2,31,MONTGOMERY (31),130,BETHESDA,3,March,20,20,1,Sunday,2022,4,4:00am-4:59am,21,21,GV-61 CLARA BARTON PKWY,NA,8,Other,2,Urban,2,Principal Arterial - Other Freeways and Expressways,66,National Park Service,1,This section IS ON the NHS,1,National Park Service,99998,Not Reported,38.94178056,38.94178056,-77.12219167,-77.12219167,8,Pedestrian,0,The First Harmful Event was Not a Collision with a Motor Vehicle in Transport,0,No,1,Non-Junction,1,Not an Intersection,1,On Roadway,0,None,2,Dark - Not Lighted,1,Clear,0,No,0000000,Not Applicable,99,Unknown,99,Unknown,99,Unknown EMS Scene Arrival Hour,99,Unknown EMS Scene Arrival Minutes,99,Unknown,99,Unknown EMS Hospital Arrival Time,1